"","year","fence","plot","wtd.mean","wtd.sd","winter.t40.min","winter.t40.mean","winter.t40.sd","t40.filled.min","t40.filled.mean","t40.filled.max","t40.filled.sd","treatment","treatment2"
"1",2009,1,1,27.5692307692308,10.7893015686874,-6.914,-2.03782270074462,2.11695447022429,-1.169,0.227324954923875,1.325,0.672177211753915,"c","i"
"2",2009,1,2,25.5794871794872,13.4274106820649,-6.833,-1.90824094385188,2.02702105380089,-1.142,-0.0144120619015747,1.378,0.460903734032119,"c","i"
"3",2009,1,3,25.5794871794872,13.4274106820649,-6.914,-2.03782270074462,2.11695447022429,-1.169,0.227324954923875,1.325,0.672177211753915,"c","i"
"4",2009,1,4,27.5692307692308,10.7893015686874,-6.833,-1.90824094385188,2.02702105380089,-1.142,-0.0144120619015747,1.378,0.460903734032119,"c","i"
"5",2009,1,5,36.5820512820513,5.29860318211427,-2.783,-0.633965284765546,0.754868566696307,-1.319,0.14929573700507,1.58549410966908,0.433716595341696,"w","i"
"6",2009,1,6,14.025641025641,7.02996286389525,-2.166,-0.499252565908634,0.548646907408318,-2.197,0.376755325782439,1.791,0.608599517166036,"w","i"
"7",2009,1,7,14.025641025641,7.02996286389525,-2.783,-0.633965284765546,0.754868566696307,-1.319,0.14929573700507,1.58549410966908,0.433716595341696,"w","i"
"8",2009,1,8,36.5820512820513,5.29860318211427,-2.166,-0.499252565908634,0.548646907408318,-2.197,0.376755325782439,1.791,0.608599517166036,"w","i"
"9",2009,2,1,32.6794871794872,7.5476444386444,-5.841,-1.79611355403502,1.81182591504619,-1.891,-0.0285533604154064,0.835,0.436196292276843,"c","i"
"10",2009,2,2,27.6923076923077,9.64808092767907,-4.19,-0.941499597504528,1.19816037038905,-2.637,0.112801627761069,1.581,0.524676886887545,"c","i"
"11",2009,2,3,27.6923076923077,9.64808092767907,-5.841,-1.79611355403502,1.81182591504619,-1.891,-0.0285533604154064,0.835,0.436196292276843,"c","i"
"12",2009,2,4,32.6794871794872,7.5476444386444,-4.19,-0.941499597504528,1.19816037038905,-2.637,0.112801627761069,1.581,0.524676886887545,"c","i"
"13",2009,2,5,18.8717948717949,8.42436781066964,-2.446,-0.617642885892534,0.607687492315415,-0.989,0.0384721109870309,3.21,0.469046729672689,"w","i"
"14",2009,2,6,24.8153846153846,8.23009683582918,-1.884,-0.44172680619843,0.402042129300397,-0.537,0.623530293984722,2.98,0.833497433347319,"w","i"
"15",2009,2,7,24.8153846153846,8.23009683582918,-2.446,-0.617642885892534,0.607687492315415,-0.989,0.0384721109870309,3.21,0.469046729672689,"w","i"
"16",2009,2,8,18.8717948717949,8.42436781066964,-1.884,-0.44172680619843,0.402042129300397,-0.537,0.623530293984722,2.98,0.833497433347319,"w","i"
"17",2009,3,1,27.7666666666667,9.50081252296303,-5.639,-1.37582409591195,1.73056513174085,-1.515,0.520172576989379,2.179,0.958027739522932,"c","i"
"18",2009,3,2,31.5076923076923,6.22914983704098,-5.401,-1.4448896422956,1.71695773789479,-1.601,-0.135108599743141,0.749,0.451082216376344,"c","i"
"19",2009,3,3,31.5076923076923,6.22914983704098,-5.639,-1.37582409591195,1.73056513174085,-1.515,0.520172576989379,2.179,0.958027739522932,"c","i"
"20",2009,3,4,27.7666666666667,9.50081252296303,-5.401,-1.4448896422956,1.71695773789479,-1.601,-0.135108599743141,0.749,0.451082216376344,"c","i"
"21",2009,3,5,21.8897435897436,8.00637229342632,-1.675,-0.375477889150943,0.442109281855968,-0.532,0.571517247449975,3.032,0.754796989661383,"w","i"
"22",2009,3,6,27.3871794871795,9.65437396065637,-1.483,-0.32050009827044,0.447622029262492,-0.753,0.318919867576265,3.001,0.663815674380913,"w","i"
"23",2009,3,7,27.3871794871795,9.65437396065637,-1.675,-0.375477889150943,0.442109281855968,-0.532,0.571517247449975,3.032,0.754796989661383,"w","i"
"24",2009,3,8,21.8897435897436,8.00637229342632,-1.483,-0.32050009827044,0.447622029262492,-0.753,0.318919867576265,3.001,0.663815674380913,"w","i"
"25",2009,4,1,28.9333333333333,9.5622430019358,-5.358,-1.75597592374214,1.69492804004879,-0.656,0.376933373974929,1.717,0.655431085518393,"c","i"
"26",2009,4,2,34.2794871794872,7.99915059593269,-3.63,-1.1283579009434,1.24060761417,-1.272,1.61411512805538,4.601,1.65887248916786,"c","i"
"27",2009,4,3,34.2794871794872,7.99915059593269,-5.358,-1.75597592374214,1.69492804004879,-0.656,0.376933373974929,1.717,0.655431085518393,"c","i"
"28",2009,4,4,28.9333333333333,9.5622430019358,-3.63,-1.1283579009434,1.24060761417,-1.272,1.61411512805538,4.601,1.65887248916786,"c","i"
"29",2009,4,5,33.6871794871795,8.6347272985062,-2.331,-0.560332645440252,0.592386294130551,-0.726,0.138167795928151,1.875,0.508530528226034,"w","i"
"30",2009,4,6,33.5025641025641,8.4557824244866,-3.659,-1.02598850235849,1.04140858350789,-0.446,0.633991801409387,2.13,0.756604562670756,"w","i"
"31",2009,4,7,33.5025641025641,8.4557824244866,-2.331,-0.560332645440252,0.592386294130551,-0.726,0.138167795928151,1.875,0.508530528226034,"w","i"
"32",2009,4,8,33.6871794871795,8.6347272985062,-3.659,-1.02598850235849,1.04140858350789,-0.446,0.633991801409387,2.13,0.756604562670756,"w","i"
"33",2009,5,1,19.3384615384615,7.42086728456053,-5.745,-1.50658156446541,1.70681048470327,-1.347,0.194156726579521,1.239,0.680548532868201,"c","i"
"34",2009,5,2,27.8589743589744,7.90478595697828,-6.465,-1.87009571540881,2.02089672909288,-1.347,0.0691343273420479,1.194,0.600481394448499,"c","i"
"35",2009,5,3,27.8589743589744,7.90478595697828,-5.745,-1.50658156446541,1.70681048470327,-1.347,0.194156726579521,1.239,0.680548532868201,"c","i"
"36",2009,5,4,19.3384615384615,7.42086728456053,-6.465,-1.87009571540881,2.02089672909288,-1.347,0.0691343273420479,1.194,0.600481394448499,"c","i"
"37",2009,5,5,31.874358974359,10.2597506368773,-3.119,-0.822399076257862,0.8535054506188,-0.482,0.268943875263089,1.502,0.573594301018005,"w","i"
"38",2009,5,6,20.1615384615385,10.1616310176699,-3.073,-0.87096472091195,0.963218473478168,-1.074,0.413840073529412,1.875,0.746773071392833,"w","i"
"39",2009,5,7,20.1615384615385,10.1616310176699,-3.119,-0.822399076257862,0.8535054506188,-0.482,0.268943875263089,1.502,0.573594301018005,"w","i"
"40",2009,5,8,31.874358974359,10.2597506368773,-3.073,-0.87096472091195,0.963218473478168,-1.074,0.413840073529412,1.875,0.746773071392833,"w","i"
"41",2009,6,1,26.8179487179487,5.44449851708714,-6.547,-2.03517629716981,2.03898386278559,-1.17,-0.0616311955337691,0.645,0.392342715436492,"c","i"
"42",2009,6,2,21.7051282051282,7.56456241883125,-6.166,-1.82577053852201,1.81125953600045,-1.4,0.377408020152505,1.994,0.828022844672794,"c","i"
"43",2009,6,3,21.7051282051282,7.56456241883125,-6.547,-2.03517629716981,2.03898386278559,-1.17,-0.0616311955337691,0.645,0.392342715436492,"c","i"
"44",2009,6,4,26.8179487179487,5.44449851708714,-6.166,-1.82577053852201,1.81125953600045,-1.4,0.377408020152505,1.994,0.828022844672794,"c","i"
"45",2009,6,5,21.1923076923077,9.58385112724263,-2.988,-0.766579009433962,0.854275666311371,-0.988,0.331557529956427,1.487,0.697200952967635,"w","i"
"46",2009,6,6,21.025641025641,9.92269376489856,-1.763,-0.544165094339623,0.467167701569607,-0.607,0.503032339324619,1.906,0.785672355760009,"w","i"
"47",2009,6,7,21.025641025641,9.92269376489856,-2.988,-0.766579009433962,0.854275666311371,-0.988,0.331557529956427,1.487,0.697200952967635,"w","i"
"48",2009,6,8,21.1923076923077,9.58385112724263,-1.763,-0.544165094339623,0.467167701569607,-0.607,0.503032339324619,1.906,0.785672355760009,"w","i"
"49",2010,1,1,19.093023255814,5.41960266285784,-8.08,-3.06742531446541,2.79668794535769,-1.32,0.64619825708061,2.48,1.1184708398776,"c","c"
"50",2010,1,2,16.5813953488372,5.67883521817775,-7.449,-2.82975874606918,2.35327235509831,-0.737,0.802220452069717,3.065,0.946640725672118,"c","c"
"51",2010,1,3,16.5813953488372,5.67883521817775,-8.08,-3.06742531446541,2.79668794535769,-1.32,0.64619825708061,2.48,1.1184708398776,"c","c"
"52",2010,1,4,19.093023255814,5.41960266285784,-7.449,-2.82975874606918,2.35327235509831,-0.737,0.802220452069717,3.065,0.946640725672118,"c","c"
"53",2010,1,5,30.3023255813954,5.60839032895795,-4.431,-1.7141396422956,1.5642494118156,-0.877,0.52983197167756,2.214,0.951043709491067,"w","w"
"54",2010,1,6,8.67441860465116,3.33610073383768,-4.359,-1.43338345125786,1.4387135548986,-1.178,0.491492647058824,2.308,0.942760036052919,"w","w"
"55",2010,1,7,8.67441860465116,3.33610073383768,-4.431,-1.7141396422956,1.5642494118156,-0.877,0.52983197167756,2.214,0.951043709491067,"w","w"
"56",2010,1,8,30.3023255813954,5.60839032895795,-4.359,-1.43338345125786,1.4387135548986,-1.178,0.491492647058824,2.308,0.942760036052919,"w","w"
"57",2010,2,1,26.2558139534884,5.70335332963493,-7.73,-2.94731819968553,2.6604356834762,-1.33,0.282642973856209,1.67,0.742653666377753,"c","c"
"58",2010,2,2,21.4883720930233,6.30333280334133,-7.279,-2.66951012185535,2.25146807716698,-0.864,0.754896241830065,2.678,0.906049014055194,"c","c"
"59",2010,2,3,21.4883720930233,6.30333280334133,-7.73,-2.94731819968553,2.6604356834762,-1.33,0.282642973856209,1.67,0.742653666377753,"c","c"
"60",2010,2,4,26.2558139534884,5.70335332963493,-7.279,-2.66951012185535,2.25146807716698,-0.864,0.754896241830065,2.678,0.906049014055194,"c","c"
"61",2010,2,5,12.1627906976744,3.72207208393479,-7.206,-2.5779304245283,2.12355078298947,-0.471,1.56851239106754,4.263,1.46399064916619,"w","w"
"62",2010,2,6,18.2790697674419,3.60109494853301,-5.306,-2.09845646619497,1.69933085037561,-0.43,2.03695629084967,4.894,1.63213729055697,"w","w"
"63",2010,2,7,18.2790697674419,3.60109494853301,-7.206,-2.5779304245283,2.12355078298947,-0.471,1.56851239106754,4.263,1.46399064916619,"w","w"
"64",2010,2,8,12.1627906976744,3.72207208393479,-5.306,-2.09845646619497,1.69933085037561,-0.43,2.03695629084967,4.894,1.63213729055697,"w","w"
"65",2010,3,1,19.8139534883721,6.09549331553156,-7.5,-2.76898879716981,2.61318917989093,-1.21,0.819177559912854,3.46,1.22333204071006,"c","c"
"66",2010,3,2,25.3488372093023,5.58860967858151,-7.8,-2.87936025943396,2.65779898843529,-4.48,0.0461900871459695,1.52,0.671217487493132,"c","c"
"67",2010,3,3,25.3488372093023,5.58860967858151,-7.5,-2.76898879716981,2.61318917989093,-1.21,0.819177559912854,3.46,1.22333204071006,"c","c"
"68",2010,3,4,19.8139534883721,6.09549331553156,-7.8,-2.87936025943396,2.65779898843529,-4.48,0.0461900871459695,1.52,0.671217487493132,"c","c"
"69",2010,3,5,13.1860465116279,5.23839221950822,-5.782,-2.25604707154088,1.75035168774911,-0.525,2.27891544117647,5.158,1.57674619133348,"w","w"
"70",2010,3,6,18,5.18238775634773,-8.362,-3.10846481918239,2.87842488652417,-5.651,1.85471051198257,5.382,1.99819449487536,"w","w"
"71",2010,3,7,18,5.18238775634773,-5.782,-2.25604707154088,1.75035168774911,-0.525,2.27891544117647,5.158,1.57674619133348,"w","w"
"72",2010,3,8,13.1860465116279,5.23839221950822,-8.362,-3.10846481918239,2.87842488652417,-5.651,1.85471051198257,5.382,1.99819449487536,"w","w"
"73",2010,4,1,21.046511627907,6.98622279705562,-7.071,-2.57592275943396,2.33632435446509,-4.245,0.683587690631808,2.642,1.06708575225204,"c","c"
"74",2010,4,2,27.3255813953488,5.52363290663533,-6.038,-2.35309827044025,1.90975036638035,-2.302,1.24892933006536,3.402,1.16573936156259,"c","c"
"75",2010,4,3,27.3255813953488,5.52363290663533,-7.071,-2.57592275943396,2.33632435446509,-4.245,0.683587690631808,2.642,1.06708575225204,"c","c"
"76",2010,4,4,21.046511627907,6.98622279705562,-6.038,-2.35309827044025,1.90975036638035,-2.302,1.24892933006536,3.402,1.16573936156259,"c","c"
"77",2010,4,5,24.7674418604651,5.7106300599026,-6.12,-2.34445754716981,2.14571231005222,-1.01,1.38833061002179,4,1.38823107880497,"w","w"
"78",2010,4,6,26.1162790697674,5.00575527018927,-7.07,-2.55913522012579,2.22060746032893,-0.44,1.68793981481481,4.29,1.5734227235733,"w","w"
"79",2010,4,7,26.1162790697674,5.00575527018927,-6.12,-2.34445754716981,2.14571231005222,-1.01,1.38833061002179,4,1.38823107880497,"w","w"
"80",2010,4,8,24.7674418604651,5.7106300599026,-7.07,-2.55913522012579,2.22060746032893,-0.44,1.68793981481481,4.29,1.5734227235733,"w","w"
"81",2010,5,1,12.8139534883721,4.15907392366943,-7.2,-2.79667059748428,2.50848100125265,-1.05,0.593108660130719,2.67,0.97686215314757,"c","c"
"82",2010,5,2,19.906976744186,4.87370961426799,-8.14,-3.02292305424528,2.74932258940532,-1.22,0.260735294117647,1.81,0.76258680780651,"c","c"
"83",2010,5,3,19.906976744186,4.87370961426799,-7.2,-2.79667059748428,2.50848100125265,-1.05,0.593108660130719,2.67,0.97686215314757,"c","c"
"84",2010,5,4,12.8139534883721,4.15907392366943,-8.14,-3.02292305424528,2.74932258940532,-1.22,0.260735294117647,1.81,0.76258680780651,"c","c"
"85",2010,5,5,24.8139534883721,4.52114510333435,-4.59,-1.63668238993711,1.55491212760351,-1.18,0.551943082788671,2.36,1.02644698104861,"w","w"
"86",2010,5,6,10.7674418604651,4.38524153269928,-4.98,-1.77338983883648,1.61797139928222,-0.81,0.769496187363834,2.7,1.07124597246739,"w","w"
"87",2010,5,7,10.7674418604651,4.38524153269928,-4.59,-1.63668238993711,1.55491212760351,-1.18,0.551943082788671,2.36,1.02644698104861,"w","w"
"88",2010,5,8,24.8139534883721,4.52114510333435,-4.98,-1.77338983883648,1.61797139928222,-0.81,0.769496187363834,2.7,1.07124597246739,"w","w"
"89",2010,6,1,18.2325581395349,4.1394571147522,-7.72,-2.97183372641509,2.64569958760979,-0.95,0.444281045751634,1.98,0.832595328348267,"c","c"
"90",2010,6,2,15.6511627906977,4.87893294798806,-8.8,-3.18848565251572,2.87549264684411,-1.02,0.996805555555556,3.31,1.26035001257818,"c","c"
"91",2010,6,3,15.6511627906977,4.87893294798806,-7.72,-2.97183372641509,2.64569958760979,-0.95,0.444281045751634,1.98,0.832595328348267,"c","c"
"92",2010,6,4,18.2325581395349,4.1394571147522,-8.8,-3.18848565251572,2.87549264684411,-1.02,0.996805555555556,3.31,1.26035001257818,"c","c"
"93",2010,6,5,9.7906976744186,3.77055092308351,-4.24,-1.50016067216981,1.44999442385782,-1.1,0.883741830065359,6.36,1.23725902037359,"w","w"
"94",2010,6,6,12.7674418604651,4.28083886584731,-3.9,-1.43330227987421,1.26222010868558,-0.724,1.21706862745098,3.508,1.40685723920023,"w","w"
"95",2010,6,7,12.7674418604651,4.28083886584731,-4.24,-1.50016067216981,1.44999442385782,-1.1,0.883741830065359,6.36,1.23725902037359,"w","w"
"96",2010,6,8,9.7906976744186,3.77055092308351,-3.9,-1.43330227987421,1.26222010868558,-0.724,1.21706862745098,3.508,1.40685723920023,"w","w"
"97",2011,1,1,21.2619047619048,7.7618816043205,-8.3,-2.50903793238994,2.75171157067605,-1.67,0.2558401416122,1.83,0.881323566712196,"c","c"
"98",2011,1,2,22.547619047619,8.78524922520111,-7.586,-2.58382036163522,2.38880477275174,-0.721,0.61548720043573,2.319,0.824995011502533,"c","c"
"99",2011,1,3,22.547619047619,8.78524922520111,-8.3,-2.50903793238994,2.75171157067605,-1.67,0.2558401416122,1.83,0.881323566712196,"c","c"
"100",2011,1,4,21.2619047619048,7.7618816043205,-7.586,-2.58382036163522,2.38880477275174,-0.721,0.61548720043573,2.319,0.824995011502533,"c","c"
"101",2011,1,5,30.9047619047619,5.54717912847525,-2.331,-0.745430129716981,0.750527826997779,-0.758,0.700110430283224,2.651,0.938846418628824,"w","w"
"102",2011,1,6,12.0952380952381,8.73124337752292,-1.473,-0.418346010220126,0.345940848886846,-0.578,0.53581045751634,2.374,0.821021977530292,"w","w"
"103",2011,1,7,12.0952380952381,8.73124337752292,-2.331,-0.745430129716981,0.750527826997779,-0.758,0.700110430283224,2.651,0.938846418628824,"w","w"
"104",2011,1,8,30.9047619047619,5.54717912847525,-1.473,-0.418346010220126,0.345940848886846,-0.578,0.53581045751634,2.374,0.821021977530292,"w","w"
"105",2011,2,1,28.3095238095238,6.34952694699682,-8.18,-2.56302967767296,2.73754698737972,-1.59,-0.0115795206971678,1,0.633413252816662,"c","c"
"106",2011,2,2,27.3571428571429,8.94378494814171,-7.271,-2.53168317610063,2.31263938071086,-0.806,0.595774645969499,1.863,0.774205766565052,"c","c"
"107",2011,2,3,27.3571428571429,8.94378494814171,-8.18,-2.56302967767296,2.73754698737972,-1.59,-0.0115795206971678,1,0.633413252816662,"c","c"
"108",2011,2,4,28.3095238095238,6.34952694699682,-7.271,-2.53168317610063,2.31263938071086,-0.806,0.595774645969499,1.863,0.774205766565052,"c","c"
"109",2011,2,5,15.7380952380952,8.29063392736272,-2.486,-1.06284876179245,0.749002090203806,-0.319,1.57057557189542,3.463,1.23338262679501,"w","w"
"110",2011,2,6,20.2857142857143,7.26681637369896,-2.279,-0.990501670597484,0.667622614342477,-0.354,1.71569689542484,3.908,1.27386831647338,"w","w"
"111",2011,2,7,20.2857142857143,7.26681637369896,-2.486,-1.06284876179245,0.749002090203806,-0.319,1.57057557189542,3.463,1.23338262679501,"w","w"
"112",2011,2,8,15.7380952380952,8.29063392736272,-2.279,-0.990501670597484,0.667622614342477,-0.354,1.71569689542484,3.908,1.27386831647338,"w","w"
"113",2011,3,1,22.0476190476191,5.90969596408487,-9.22,-2.73763069968553,2.9310484757491,-1.47,0.483967864923747,2.12,0.954045792482965,"c","c"
"114",2011,3,2,27.7619047619048,6.91343521899886,-8.7,-2.54716686320755,2.86451222583486,-1.97,-0.0782543572984749,1.14,0.644748532486171,"c","c"
"115",2011,3,3,27.7619047619048,6.91343521899886,-9.22,-2.73763069968553,2.9310484757491,-1.47,0.483967864923747,2.12,0.954045792482965,"c","c"
"116",2011,3,4,22.0476190476191,5.90969596408487,-8.7,-2.54716686320755,2.86451222583486,-1.97,-0.0782543572984749,1.14,0.644748532486171,"c","c"
"117",2011,3,5,16.6666666666667,7.73546368189934,-2.842,-1.23054982311321,0.818543169880011,-0.436,1.88403581154684,3.983,1.26115859045322,"w","w"
"118",2011,3,6,22.2380952380952,7.51846352949637,-4.162,-1.36578812893082,1.37292245310198,-1.184,1.5129404956427,4.338,1.5728651593872,"w","w"
"119",2011,3,7,22.2380952380952,7.51846352949637,-2.842,-1.23054982311321,0.818543169880011,-0.436,1.88403581154684,3.983,1.26115859045322,"w","w"
"120",2011,3,8,16.6666666666667,7.73546368189934,-4.162,-1.36578812893082,1.37292245310198,-1.184,1.5129404956427,4.338,1.5728651593872,"w","w"
"121",2011,4,1,25.6190476190476,7.40122725799623,-6.732,-1.95534198113208,2.13942191925535,-1.166,0.271782952069717,1.616,0.729149988206164,"c","c"
"122",2011,4,2,30.9047619047619,5.80920012045453,-5.906,-1.96262696540881,1.83119777511693,-0.925,0.961039624183007,2.525,0.961351020573039,"c","c"
"123",2011,4,3,30.9047619047619,5.80920012045453,-6.732,-1.95534198113208,2.13942191925535,-1.166,0.271782952069717,1.616,0.729149988206164,"c","c"
"124",2011,4,4,25.6190476190476,7.40122725799623,-5.906,-1.96262696540881,1.83119777511693,-0.925,0.961039624183007,2.525,0.961351020573039,"c","c"
"125",2011,4,5,28.0476190476191,9.01205799552745,-2.83,-1.02124115566038,0.909267741358174,-0.58,1.37020152505447,3.86,1.23830104304438,"w","w"
"126",2011,4,6,28.3095238095238,7.45552044686121,-2.62,-1.08865369496855,0.840641416255724,-0.34,1.56166122004357,4.64,1.4071338028178,"w","w"
"127",2011,4,7,28.3095238095238,7.45552044686121,-2.83,-1.02124115566038,0.909267741358174,-0.58,1.37020152505447,3.86,1.23830104304438,"w","w"
"128",2011,4,8,28.0476190476191,9.01205799552745,-2.62,-1.08865369496855,0.840641416255724,-0.34,1.56166122004357,4.64,1.4071338028178,"w","w"
"129",2011,5,1,19.3333333333333,6.81700408650656,-8.34,-2.57540585691824,2.70148827348464,-1.7,0.177013888888889,1.64,0.829788946402485,"c","c"
"130",2011,5,2,21.9047619047619,6.84607604829227,-9.03,-2.9474204009434,2.99990371320542,-1.55,0.0188766339869281,1.24,0.669829517685828,"c","c"
"131",2011,5,3,21.9047619047619,6.84607604829227,-8.34,-2.57540585691824,2.70148827348464,-1.7,0.177013888888889,1.64,0.829788946402485,"c","c"
"132",2011,5,4,19.3333333333333,6.81700408650656,-9.03,-2.9474204009434,2.99990371320542,-1.55,0.0188766339869281,1.24,0.669829517685828,"c","c"
"133",2011,5,5,29.452380952381,6.2711199488059,-2.58,-0.725627948113208,0.741075199187814,-1.08,0.367155501089325,1.95,0.850832092532002,"w","w"
"134",2011,5,6,12.9285714285714,7.1785345917546,-2.17,-0.725045204402516,0.616525732066669,-0.65,0.573522603485839,2.19,0.850577678605187,"w","w"
"135",2011,5,7,12.9285714285714,7.1785345917546,-2.58,-0.725627948113208,0.741075199187814,-1.08,0.367155501089325,1.95,0.850832092532002,"w","w"
"136",2011,5,8,29.452380952381,6.2711199488059,-2.17,-0.725045204402516,0.616525732066669,-0.65,0.573522603485839,2.19,0.850577678605187,"w","w"
"137",2011,6,1,19.4047619047619,5.67003042883186,-9.21,-2.98170007861635,3.03281003144678,-1.39,0.234278322440087,2.05,0.789536861943649,"c","c"
"138",2011,6,2,18.952380952381,7.08812948235659,-9.76,-3.0195292845912,3.11343094829574,-1.24,0.523310185185185,2.5,0.980142290222817,"c","c"
"139",2011,6,3,18.952380952381,7.08812948235659,-9.21,-2.98170007861635,3.03281003144678,-1.39,0.234278322440087,2.05,0.789536861943649,"c","c"
"140",2011,6,4,19.4047619047619,5.67003042883186,-9.76,-3.0195292845912,3.11343094829574,-1.24,0.523310185185185,2.5,0.980142290222817,"c","c"
"141",2011,6,5,11.9761904761905,6.85916902895037,-2.49,-0.777932389937107,0.762359295269921,-0.83,0.533782679738562,2.24,0.932747608523423,"w","w"
"142",2011,6,6,16.5714285714286,6.27477667328898,-2.1,-0.824732704402516,0.639165306503288,-0.58,0.835746187363835,2.676,1.00516779951114,"w","w"
"143",2011,6,7,16.5714285714286,6.27477667328898,-2.49,-0.777932389937107,0.762359295269921,-0.83,0.533782679738562,2.24,0.932747608523423,"w","w"
"144",2011,6,8,11.9761904761905,6.85916902895037,-2.1,-0.824732704402516,0.639165306503288,-0.58,0.835746187363835,2.676,1.00516779951114,"w","w"
"145",2012,1,1,19.7222222222222,9.02337983506173,-4.49,-1.33004401408451,1.42896586701864,-0.72,0.601330337690632,2.11,0.787326042004494,"c","c"
"146",2012,1,2,22.9537037037037,9.53062022498096,-4.699,-1.82194356416275,1.46420138172332,-0.447,1.03288058278867,4.627,1.0615351054485,"c","c"
"147",2012,1,3,22.9537037037037,9.53062022498096,-4.49,-1.33004401408451,1.42896586701864,-0.72,0.601330337690632,2.11,0.787326042004494,"c","c"
"148",2012,1,4,19.7222222222222,9.02337983506173,-4.699,-1.82194356416275,1.46420138172332,-0.447,1.03288058278867,4.627,1.0615351054485,"c","c"
"149",2012,1,5,32.3888888888889,6.7149977638532,-0.84,-0.313965669014085,0.237333761989001,-0.449,1.51967715141612,3.696,1.17695120264006,"w","w"
"150",2012,1,6,6.64814814814815,5.20579288147424,-0.683,-0.259616881846635,0.209162754434738,-0.473,1.4360637254902,3.698,1.21984449339539,"w","w"
"151",2012,1,7,6.64814814814815,5.20579288147424,-0.84,-0.313965669014085,0.237333761989001,-0.449,1.51967715141612,3.696,1.17695120264006,"w","w"
"152",2012,1,8,32.3888888888889,6.7149977638532,-0.683,-0.259616881846635,0.209162754434738,-0.473,1.4360637254902,3.698,1.21984449339539,"w","w"
"153",2012,2,1,27.9074074074074,8.44129230587069,-4.49,-1.26333822378717,1.39517157497055,-0.96,0.30531454248366,1.6,0.621395072579362,"c","c"
"154",2012,2,2,25.9259259259259,10.2153267235993,-4.013,-1.35488751956182,1.22017070535044,-0.471,0.929465822440087,2.838,0.91268665968915,"c","c"
"155",2012,2,3,25.9259259259259,10.2153267235993,-4.49,-1.26333822378717,1.39517157497055,-0.96,0.30531454248366,1.6,0.621395072579362,"c","c"
"156",2012,2,4,27.9074074074074,8.44129230587069,-4.013,-1.35488751956182,1.22017070535044,-0.471,0.929465822440087,2.838,0.91268665968915,"c","c"
"157",2012,2,5,10.0185185185185,5.05625239973632,-1.184,-0.551830692488263,0.336631822110316,-0.421,2.5854591503268,5.267,1.64370303818958,"w","w"
"158",2012,2,6,17.2777777777778,5.74757263503199,-1.134,-0.568456572769953,0.330921682583277,-0.341,2.55393409586057,6.19,1.68387268543925,"w","w"
"159",2012,2,7,17.2777777777778,5.74757263503199,-1.184,-0.551830692488263,0.336631822110316,-0.421,2.5854591503268,5.267,1.64370303818958,"w","w"
"160",2012,2,8,10.0185185185185,5.05625239973632,-1.134,-0.568456572769953,0.330921682583277,-0.341,2.55393409586057,6.19,1.68387268543925,"w","w"
"161",2012,3,1,17.037037037037,6.32444482748967,-3.06,-0.834444444444445,0.920086663473243,-0.82,0.848188997821351,2.79,1.00467883456616,"c","c"
"162",2012,3,2,26.1574074074074,8.6639701094419,-3.68,-1.01688282472613,1.13053493511748,-1.01,0.261373910675381,1.63,0.615413668202002,"c","c"
"163",2012,3,3,26.1574074074074,8.6639701094419,-3.06,-0.834444444444445,0.920086663473243,-0.82,0.848188997821351,2.79,1.00467883456616,"c","c"
"164",2012,3,4,17.037037037037,6.32444482748967,-3.68,-1.01688282472613,1.13053493511748,-1.01,0.261373910675381,1.63,0.615413668202002,"c","c"
"165",2012,3,5,11.6388888888889,4.91188073216808,-1.109,-0.483164319248826,0.309351025098193,-0.328,2.50273692810458,5.799,1.64448243733016,"w","w"
"166",2012,3,6,18.0943396226415,5.49305208332587,-1.251,-0.425828834115806,0.428527016350792,-0.862,2.45492892156863,6.738,2.13240901215921,"w","w"
"167",2012,3,7,18.0943396226415,5.49305208332587,-1.109,-0.483164319248826,0.309351025098193,-0.328,2.50273692810458,5.799,1.64448243733016,"w","w"
"168",2012,3,8,11.6388888888889,4.91188073216808,-1.251,-0.425828834115806,0.428527016350792,-0.862,2.45492892156863,6.738,2.13240901215921,"w","w"
"169",2012,4,1,23,8.24506713589839,-2.766,-0.84472965571205,0.835492154979225,-0.61,0.793751770152506,2.703,0.913697534523565,"c","c"
"170",2012,4,2,30.4444444444444,8.13660878472864,-2.121,-0.804741197183099,0.656685444920291,-0.681,1.27021064814815,3.312,1.0997794488222,"c","c"
"171",2012,4,3,30.4444444444444,8.13660878472864,-2.766,-0.84472965571205,0.835492154979225,-0.61,0.793751770152506,2.703,0.913697534523565,"c","c"
"172",2012,4,4,23,8.24506713589839,-2.121,-0.804741197183099,0.656685444920291,-0.681,1.27021064814815,3.312,1.0997794488222,"c","c"
"173",2012,4,5,21.7685185185185,6.23419735264501,-1.03,-0.357076486697966,0.317623092446484,-0.38,2.31519744008715,5.3,1.58653209723662,"w","w"
"174",2012,4,6,21.0833333333333,5.99508446444661,-1.79,-0.698899647887324,0.531338003952077,-0.26,2.64516612200436,6.67,1.83919684899245,"w","w"
"175",2012,4,7,21.0833333333333,5.99508446444661,-1.03,-0.357076486697966,0.317623092446484,-0.38,2.31519744008715,5.3,1.58653209723662,"w","w"
"176",2012,4,8,21.7685185185185,6.23419735264501,-1.79,-0.698899647887324,0.531338003952077,-0.26,2.64516612200436,6.67,1.83919684899245,"w","w"
"177",2012,5,1,19.537037037037,8.33827945458494,-4.4,-1.19113067292645,1.26718961201807,-1.04,0.583910675381264,2.27,0.908318996769014,"c","c"
"178",2012,5,2,19.8888888888889,7.99272467927816,-5.94,-1.90092038341158,1.87724276090496,-1.18,0.308831699346405,1.77,0.692746428000026,"c","c"
"179",2012,5,3,19.8888888888889,7.99272467927816,-4.4,-1.19113067292645,1.26718961201807,-1.04,0.583910675381264,2.27,0.908318996769014,"c","c"
"180",2012,5,4,19.537037037037,8.33827945458494,-5.94,-1.90092038341158,1.87724276090496,-1.18,0.308831699346405,1.77,0.692746428000026,"c","c"
"181",2012,5,5,28.9444444444444,7.70669071398394,-0.72,-0.304181338028169,0.17732145428898,-0.71,0.877900326797386,2.82,0.956276543045545,"w","w"
"182",2012,5,6,10.9444444444444,5.42066857488466,-0.64,-0.285204420970266,0.18622344574752,-0.57,1.19595315904139,3.55,1.14500708588687,"w","w"
"183",2012,5,7,10.9444444444444,5.42066857488466,-0.72,-0.304181338028169,0.17732145428898,-0.71,0.877900326797386,2.82,0.956276543045545,"w","w"
"184",2012,5,8,28.9444444444444,7.70669071398394,-0.64,-0.285204420970266,0.18622344574752,-0.57,1.19595315904139,3.55,1.14500708588687,"w","w"
"185",2012,6,1,15.5277777777778,6.3635286481123,-5.57,-1.70470070422535,1.66931156582609,-0.94,0.674910130718954,2.44,0.86252281128357,"c","c"
"186",2012,6,2,17.4907407407407,8.2367622444222,-6.51,-1.91653266823161,1.92625884738472,-0.92,1.06195806100218,3.37,1.17089633848331,"c","c"
"187",2012,6,3,17.4907407407407,8.2367622444222,-5.57,-1.70470070422535,1.66931156582609,-0.94,0.674910130718954,2.44,0.86252281128357,"c","c"
"188",2012,6,4,15.5277777777778,6.3635286481123,-6.51,-1.91653266823161,1.92625884738472,-0.92,1.06195806100218,3.37,1.17089633848331,"c","c"
"189",2012,6,5,7.91666666666667,4.44860588719912,-0.96,-0.377539123630673,0.263218680176599,-0.74,1.16744417211329,3.69,1.29201711645509,"w","w"
"190",2012,6,6,11.5648148148148,4.83115507917327,-1.252,-0.509547730829421,0.334300620244735,-0.524,1.31208932461874,3.748,1.30007210882273,"w","w"
"191",2012,6,7,11.5648148148148,4.83115507917327,-0.96,-0.377539123630673,0.263218680176599,-0.74,1.16744417211329,3.69,1.29201711645509,"w","w"
"192",2012,6,8,7.91666666666667,4.44860588719912,-1.252,-0.509547730829421,0.334300620244735,-0.524,1.31208932461874,3.748,1.30007210882273,"w","w"
"193",2013,1,1,21.9117647058824,10.0268939827434,-1.54,-0.424645243710692,0.415141113846698,-1.27,0.424639161220044,2.44,0.926078249308739,"c","c"
"194",2013,1,2,23.3529411764706,10.1639139635685,-2.695,-1.00671177279874,0.757187291987837,-1.643,1.18221269063181,5.122,1.53857031737714,"c","c"
"195",2013,1,3,23.3529411764706,10.1639139635685,-1.54,-0.424645243710692,0.415141113846698,-1.27,0.424639161220044,2.44,0.926078249308739,"c","c"
"196",2013,1,4,21.9117647058824,10.0268939827434,-2.695,-1.00671177279874,0.757187291987837,-1.643,1.18221269063181,5.122,1.53857031737714,"c","c"
"197",2013,1,5,31,8.26891770427061,-1.204,-0.410659591194969,0.265030024876215,-0.522,1.11819703159041,3.433,1.27589366105933,"w","w"
"198",2013,1,6,12.2941176470588,12.6713984325052,-1.026,-0.288820951257862,0.215410324814474,-0.702,0.875953567538126,3.527,1.20658041590119,"w","w"
"199",2013,1,7,12.2941176470588,12.6713984325052,-1.204,-0.410659591194969,0.265030024876215,-0.522,1.11819703159041,3.433,1.27589366105933,"w","w"
"200",2013,1,8,31,8.26891770427061,-1.026,-0.288820951257862,0.215410324814474,-0.702,0.875953567538126,3.527,1.20658041590119,"w","w"
"201",2013,2,1,26.2058823529412,8.1106774214793,-1.91,-0.531094732704403,0.539105584210137,-1.41,0.22733660130719,1.73,0.741769190006955,"c","c"
"202",2013,2,2,24.4117647058824,9.00561507844836,-1.911,-0.779796088836478,0.548838304789632,-1.482,0.715621459694989,3.012,1.10942483142337,"c","c"
"203",2013,2,3,24.4117647058824,9.00561507844836,-1.91,-0.531094732704403,0.539105584210137,-1.41,0.22733660130719,1.73,0.741769190006955,"c","c"
"204",2013,2,4,26.2058823529412,8.1106774214793,-1.911,-0.779796088836478,0.548838304789632,-1.482,0.715621459694989,3.012,1.10942483142337,"c","c"
"205",2013,2,5,15.3529411764706,11.6240116594411,-1.322,-0.509760416666667,0.293929998501763,-0.69,2.06770343137255,5.609,1.78393822271667,"w","w"
"206",2013,2,6,21.9117647058824,14.8263229743985,-1.154,-0.481896914308176,0.271836669574069,-0.334,2.18195969498911,5.859,1.84624958686075,"w","w"
"207",2013,2,7,21.9117647058824,14.8263229743985,-1.322,-0.509760416666667,0.293929998501763,-0.69,2.06770343137255,5.609,1.78393822271667,"w","w"
"208",2013,2,8,15.3529411764706,11.6240116594411,-1.154,-0.481896914308176,0.271836669574069,-0.334,2.18195969498911,5.859,1.84624958686075,"w","w"
"209",2013,3,1,20.9117647058824,7.06495597588382,-0.85,-0.230504127358491,0.233361276539979,-0.48,0.852791394335512,3.11,1.12239119803147,"c","c"
"210",2013,3,2,25,10.4373128725741,-1.33,-0.351651926100629,0.340450219493315,-0.79,0.26280637254902,1.69,0.670052089484949,"c","c"
"211",2013,3,3,25,10.4373128725741,-0.85,-0.230504127358491,0.233361276539979,-0.48,0.852791394335512,3.11,1.12239119803147,"c","c"
"212",2013,3,4,20.9117647058824,7.06495597588382,-1.33,-0.351651926100629,0.340450219493315,-0.79,0.26280637254902,1.69,0.670052089484949,"c","c"
"213",2013,3,5,17.2352941176471,10.7079375451386,-1.458,-0.404095322327044,0.307628556701128,-0.69,2.12021486928105,5.97,1.91797909707684,"w","w"
"214",2013,3,6,26.7352941176471,14.6064173044107,-1.718,-0.331215212264151,0.443694822038967,-0.895,2.27411083877996,6.86,2.44801046372955,"w","w"
"215",2013,3,7,26.7352941176471,14.6064173044107,-1.458,-0.404095322327044,0.307628556701128,-0.69,2.12021486928105,5.97,1.91797909707684,"w","w"
"216",2013,3,8,17.2352941176471,10.7079375451386,-1.718,-0.331215212264151,0.443694822038967,-0.895,2.27411083877996,6.86,2.44801046372955,"w","w"
"217",2013,4,1,26.6764705882353,12.1770033984025,-1.384,-0.464457940251572,0.447873918507712,-0.827,0.634051198257081,2.581,0.966748232338493,"c","c"
"218",2013,4,2,30.0294117647059,6.26366153957515,-1.405,-0.532373624213837,0.424078251955805,-0.702,1.15012663398693,3.555,1.26677512067072,"c","c"
"219",2013,4,3,30.0294117647059,6.26366153957515,-1.384,-0.464457940251572,0.447873918507712,-0.827,0.634051198257081,2.581,0.966748232338493,"c","c"
"220",2013,4,4,26.6764705882353,12.1770033984025,-1.405,-0.532373624213837,0.424078251955805,-0.702,1.15012663398693,3.555,1.26677512067072,"c","c"
"221",2013,4,5,32.5882352941176,17.1201957623497,-0.98,-0.243814858490566,0.244097637691608,-0.34,2.03558959694989,5.67,1.80433305263086,"w","w"
"222",2013,4,6,26.03125,15.8350547309864,-1.53,-0.381325668238994,0.376096492498045,-0.8,2.43331018518519,7.02,2.23211948730585,"w","w"
"223",2013,4,7,26.03125,15.8350547309864,-0.98,-0.243814858490566,0.244097637691608,-0.34,2.03558959694989,5.67,1.80433305263086,"w","w"
"224",2013,4,8,32.5882352941176,17.1201957623497,-1.53,-0.381325668238994,0.376096492498045,-0.8,2.43331018518519,7.02,2.23211948730585,"w","w"
"225",2013,5,1,24.6470588235294,12.1703593644076,-2.47,-0.991098663522013,0.712667130581649,-1.76,0.315295479302832,1.83,0.842058378168819,"c","c"
"226",2013,5,2,23.3823529411765,11.4038499690958,-3.15,-0.930692806603773,0.89950139700563,-2.29,0.165300925925926,1.7,0.90863414331311,"c","c"
"227",2013,5,3,23.3823529411765,11.4038499690958,-2.47,-0.991098663522013,0.712667130581649,-1.76,0.315295479302832,1.83,0.842058378168819,"c","c"
"228",2013,5,4,24.6470588235294,12.1703593644076,-3.15,-0.930692806603773,0.89950139700563,-2.29,0.165300925925926,1.7,0.90863414331311,"c","c"
"229",2013,5,5,29.2352941176471,7.98654659227555,-1.2,-0.370417649371069,0.215860116000209,-0.89,0.519392701525054,2.4,0.977929488021496,"w","w"
"230",2013,5,6,17.5588235294118,8.76762929926966,-1.35,-0.44046875,0.262703177774884,-0.85,0.772320261437909,3.1,1.08552657765843,"w","w"
"231",2013,5,7,17.5588235294118,8.76762929926966,-1.2,-0.370417649371069,0.215860116000209,-0.89,0.519392701525054,2.4,0.977929488021496,"w","w"
"232",2013,5,8,29.2352941176471,7.98654659227555,-1.35,-0.44046875,0.262703177774884,-0.85,0.772320261437909,3.1,1.08552657765843,"w","w"
"233",2013,6,1,18.5294117647059,7.96176524913621,-3.04,-1.10919123427673,0.905787205315263,-2.1,0.224238834422658,1.89,0.899340168876655,"c","c"
"234",2013,6,2,20.875,10.7261363034412,-3.12,-1.09506092767296,0.951098801359978,-2.22,0.54296568627451,2.72,1.23913613841078,"c","c"
"235",2013,6,3,20.875,10.7261363034412,-3.04,-1.10919123427673,0.905787205315263,-2.1,0.224238834422658,1.89,0.899340168876655,"c","c"
"236",2013,6,4,18.5294117647059,7.96176524913621,-3.12,-1.09506092767296,0.951098801359978,-2.22,0.54296568627451,2.72,1.23913613841078,"c","c"
"237",2013,6,5,15.8823529411765,14.2297327493403,-1.19,-0.361887775157233,0.239857868609885,-0.6,0.850706699346405,3.25,1.27896565905878,"w","w"
"238",2013,6,6,15.4411764705882,13.3251200193248,-1.244,-0.483532232704403,0.292572623786731,-0.868,1.03677124183007,3.42,1.38070514147195,"w","w"
"239",2013,6,7,15.4411764705882,13.3251200193248,-1.19,-0.361887775157233,0.239857868609885,-0.6,0.850706699346405,3.25,1.27896565905878,"w","w"
"240",2013,6,8,15.8823529411765,14.2297327493403,-1.244,-0.483532232704403,0.292572623786731,-0.868,1.03677124183007,3.42,1.38070514147195,"w","w"
"241",2014,1,1,10.90625,5.95600187485979,-1.67,-0.385780267295598,0.43018690922958,-0.27,0.655068082788671,2.29,0.799416320333227,"c","c"
"242",2014,1,2,13.4375,5.31311270976503,-2.725,-0.744258058176101,0.813761102670846,-0.295,0.941421432461874,3.56,1.01591572270552,"c","c"
"243",2014,1,3,15.84375,4.69296903178929,-1.67,-0.385780267295598,0.43018690922958,-0.27,0.655068082788671,2.29,0.799416320333227,"c","c"
"244",2014,1,4,10.90625,5.95600187485979,-2.725,-0.744258058176101,0.813761102670846,-0.295,0.941421432461874,3.56,1.01591572270552,"c","c"
"245",2014,1,5,9.3125,3.86813908746829,-0.495,-0.147736340408805,0.126968807561131,-0.195,1.80485797930283,4.369,1.48979878081214,"w","w"
"246",2014,1,6,2.73333333333333,4.16990350465035,-0.597,-0.158060534591195,0.117915206576941,-0.178,1.29748420479303,3.05,1.16895199738347,"w","w"
"247",2014,1,7,2.73333333333333,4.16990350465035,-0.495,-0.147736340408805,0.126968807561131,-0.195,1.80485797930283,4.369,1.48979878081214,"w","w"
"248",2014,1,8,23.9333333333333,4.01722481796765,-0.597,-0.158060534591195,0.117915206576941,-0.178,1.29748420479303,3.05,1.16895199738347,"w","w"
"249",2014,2,1,21.6875,6.92549637210215,-2.34,-0.489410377358491,0.64459929554691,-0.44,0.218291122004357,1.15,0.429302163699654,"c","c"
"250",2014,2,2,16.875,8.11890797254573,-3.017,-0.759919418238994,0.884500844584703,-0.421,0.492852805010893,2.074,0.649441552485109,"c","c"
"251",2014,2,3,6.40625,9.20908745026708,-2.34,-0.489410377358491,0.64459929554691,-0.44,0.218291122004357,1.15,0.429302163699654,"c","c"
"252",2014,2,4,21.6875,6.92549637210215,-3.017,-0.759919418238994,0.884500844584703,-0.421,0.492852805010893,2.074,0.649441552485109,"c","c"
"253",2014,2,5,-2.1875,6.61028239437116,-1.497,-0.343479264937107,0.252972064112069,-0.435,2.17305242374728,6.33,1.5947788586199,"w","w"
"254",2014,2,6,1.3125,9.40545054742196,-1.541,-0.34826179245283,0.252167007680712,-0.32,1.35410511982571,3.515,1.22762675569304,"w","w"
"255",2014,2,7,1.3125,9.40545054742196,-1.497,-0.343479264937107,0.252972064112069,-0.435,2.17305242374728,6.33,1.5947788586199,"w","w"
"256",2014,2,8,3.8125,7.29354737650571,-1.541,-0.34826179245283,0.252167007680712,-0.32,1.35410511982571,3.515,1.22762675569304,"w","w"
"257",2014,3,1,14.1538461538462,6.12503270530253,-1.67,-0.377708333333333,0.441578401700632,-0.3,0.87786220043573,2.8,0.972453177637555,"c","c"
"258",2014,3,2,19.9615384615385,5.01855531362338,-2.26,-0.435812696540881,0.563800100406726,-0.58,0.325544662309368,1.52,0.568744447601215,"c","c"
"259",2014,3,3,17.2142857142857,6.37819086272265,-1.67,-0.377708333333333,0.441578401700632,-0.3,0.87786220043573,2.8,0.972453177637555,"c","c"
"260",2014,3,4,14.1538461538462,6.12503270530253,-2.26,-0.435812696540881,0.563800100406726,-0.58,0.325544662309368,1.52,0.568744447601215,"c","c"
"261",2014,3,5,5.34375,4.72482362986528,-0.944,-0.223514740566038,0.130774526514728,-0.271,2.17393518518519,5.196,1.58128288691578,"w","w"
"262",2014,3,6,13.9642857142857,5.32578735859882,-0.84,-0.094391804245283,0.230263789947167,-0.495,2.81268572984749,7.26,2.57639091309757,"w","w"
"263",2014,3,7,2.09375,5.18079385808777,-0.944,-0.223514740566038,0.130774526514728,-0.271,2.17393518518519,5.196,1.58128288691578,"w","w"
"264",2014,3,8,5.34375,4.72482362986528,-0.84,-0.094391804245283,0.230263789947167,-0.495,2.81268572984749,7.26,2.57639091309757,"w","w"
"265",2014,4,1,16.4,7.63497590977582,-3.245,-0.633714327830189,0.866503930446489,-0.558,0.838839596949891,2.912,0.93716219651381,"c","c"
"266",2014,4,2,26.0357142857143,7.4044276923034,-2.643,-0.625908117138365,0.711669158088159,-0.556,0.934554602396514,2.727,0.860032814371354,"c","c"
"267",2014,4,3,29.1071428571429,7.44512894817444,-3.245,-0.633714327830189,0.866503930446489,-0.558,0.838839596949891,2.912,0.93716219651381,"c","c"
"268",2014,4,4,16.4,7.63497590977582,-2.643,-0.625908117138365,0.711669158088159,-0.556,0.934554602396514,2.727,0.860032814371354,"c","c"
"269",2014,4,5,11.7142857142857,3.79125656921638,-1.38,-0.209697327044025,0.254873339987903,-0.31,2.27829793028322,6.25,2.08810817265843,"w","w"
"270",2014,4,6,7.5,6.55997967476526,-1.54,-0.229474253144654,0.279625212006382,-0.42,2.69196078431373,7.11,2.3409121035041,"w","w"
"271",2014,4,7,7.5,6.55997967476526,-1.38,-0.209697327044025,0.254873339987903,-0.31,2.27829793028322,6.25,2.08810817265843,"w","w"
"272",2014,4,8,7.875,9.3692760303736,-1.54,-0.229474253144654,0.279625212006382,-0.42,2.69196078431373,7.11,2.3409121035041,"w","w"
"273",2014,5,1,11.78125,5.51956746493781,-2.77,-0.584545990566038,0.625401162849892,-0.44,0.586112472766885,2.33,0.802486595072682,"c","c"
"274",2014,5,2,10.6875,4.89174474667952,-3.58,-0.777049921383648,0.95595684412374,-0.63,0.369328703703704,1.78,0.661197189043089,"c","c"
"275",2014,5,3,10.6875,4.89174474667952,-2.77,-0.584545990566038,0.625401162849892,-0.44,0.586112472766885,2.33,0.802486595072682,"c","c"
"276",2014,5,4,7.9375,6.74753041242992,-3.58,-0.777049921383648,0.95595684412374,-0.63,0.369328703703704,1.78,0.661197189043089,"c","c"
"277",2014,5,5,23.6071428571429,3.34076552390531,-0.51,-0.209032036163522,0.0886536842457217,-0.26,0.931233660130719,2.34,0.924775427063073,"w","w"
"278",2014,5,6,11.5625,6.04393635527929,-0.61,-0.205217177672956,0.112864912420816,-0.25,1.31906318082789,3.14,1.11198298681651,"w","w"
"279",2014,5,7,10.0333333333333,4.32379903501979,-0.51,-0.209032036163522,0.0886536842457217,-0.26,0.931233660130719,2.34,0.924775427063073,"w","w"
"280",2014,5,8,23.6071428571429,3.34076552390531,-0.61,-0.205217177672956,0.112864912420816,-0.25,1.31906318082789,3.14,1.11198298681651,"w","w"
"281",2014,6,1,6.90625,4.66625742253182,-3.14,-0.638535770440252,0.758527370819935,-0.46,0.829140795206972,2.56,0.924346210564298,"c","c"
"282",2014,6,2,3.59375,6.02831858813052,-3.38,-0.787712264150943,0.984950268341797,-0.6,1.10571078431373,3.59,1.17529214611603,"c","c"
"283",2014,6,3,8.0625,5.46160843219895,-3.14,-0.638535770440252,0.758527370819935,-0.46,0.829140795206972,2.56,0.924346210564298,"c","c"
"284",2014,6,4,6.90625,4.66625742253182,-3.38,-0.787712264150943,0.984950268341797,-0.6,1.10571078431373,3.59,1.17529214611603,"c","c"
"285",2014,6,5,1.59375,5.02400487658999,-0.48,-0.217290683962264,0.125324151362286,-0.22,1.49017837690632,3.7,1.42592010172412,"w","w"
"286",2014,6,6,-0.96875,4.59879966223071,-0.916,-0.287317610062893,0.152714275927841,-0.308,1.73099210239651,4.87,1.78114418785823,"w","w"
"287",2014,6,7,8.35714285714286,4.86916740406316,-0.48,-0.217290683962264,0.125324151362286,-0.22,1.49017837690632,3.7,1.42592010172412,"w","w"
"288",2014,6,8,1.59375,5.02400487658999,-0.916,-0.287317610062893,0.152714275927841,-0.308,1.73099210239651,4.87,1.78114418785823,"w","w"
"289",2015,1,1,11.2692307692308,4.53052326179229,-5.39,-0.868525943396227,1.05127891174755,-0.74,0.549851579520697,2.33,0.781736173316384,"c","c"
"290",2015,1,2,14.8461538461538,4.28361517580174,-7.09,-1.30437008647799,1.47501703691504,-0.74,0.423054193899782,2.13,0.72819453046374,"c","c"
"291",2015,1,3,12.8461538461538,4.66987069496494,-5.39,-0.868525943396227,1.05127891174755,-0.74,0.549851579520697,2.33,0.781736173316384,"c","c"
"292",2015,1,4,11.2692307692308,4.53052326179229,-7.09,-1.30437008647799,1.47501703691504,-0.74,0.423054193899782,2.13,0.72819453046374,"c","c"
"293",2015,1,5,5.30769230769231,3.038218101251,-0.47,-0.17171088836478,0.103318649502375,-0.44,1.80637118736383,4.23,1.51824517711481,"w","w"
"294",2015,1,6,0.5,2.51661147842358,-0.56,-0.182707350628931,0.123277084475476,-0.17,1.63318899782135,4,1.35171363256934,"w","w"
"295",2015,1,7,0.5,2.51661147842358,-0.47,-0.17171088836478,0.103318649502375,-0.44,1.80637118736383,4.23,1.51824517711481,"w","w"
"296",2015,1,8,21.2692307692308,3.83305461640031,-0.56,-0.182707350628931,0.123277084475476,-0.17,1.63318899782135,4,1.35171363256934,"w","w"
"297",2015,2,1,21.3076923076923,4.74578085223453,-4.48,-0.89844929245283,0.982737365833265,-0.52,0.133050108932462,1.18,0.435321980164407,"c","c"
"298",2015,2,2,18.1153846153846,5.32350857891143,-6.47,-1.13638856132075,1.35405362763043,-0.82,0.288641067538126,1.78,0.622595096737042,"c","c"
"299",2015,2,3,14,5.07033858172542,-4.48,-0.89844929245283,0.982737365833265,-0.52,0.133050108932462,1.18,0.435321980164407,"c","c"
"300",2015,2,4,21.3076923076923,4.74578085223453,-6.47,-1.13638856132075,1.35405362763043,-0.82,0.288641067538126,1.78,0.622595096737042,"c","c"
"301",2015,2,5,-1.38461538461538,4.17908406110042,-0.74,-0.227864583333333,0.15112079142711,-0.36,1.28304330065359,3.49,1.30048477129458,"w","w"
"302",2015,2,6,-2.34615384615385,3.57295754817009,-0.58,-0.227422366352201,0.139372228406697,-0.39,1.05727124183007,4.11,1.13583940813087,"w","w"
"303",2015,2,7,-2.34615384615385,3.57295754817009,-0.74,-0.227864583333333,0.15112079142711,-0.36,1.28304330065359,3.49,1.30048477129458,"w","w"
"304",2015,2,8,1.76923076923077,2.49679281458722,-0.58,-0.227422366352201,0.139372228406697,-0.39,1.05727124183007,4.11,1.13583940813087,"w","w"
"305",2015,3,1,13.9230769230769,2.79020723428501,-3.74,-0.623706761006289,0.704406375688459,-0.45,0.641693899782135,2.57,0.826012304282728,"c","c"
"306",2015,3,2,20.4230769230769,5.24740473093666,-3.78,-0.633278301886793,0.731232464766276,-0.64,0.341838235294118,1.64,0.60986972752081,"c","c"
"307",2015,3,3,16.9615384615385,5.31296189545569,-3.74,-0.623706761006289,0.704406375688459,-0.45,0.641693899782135,2.57,0.826012304282728,"c","c"
"308",2015,3,4,13.9230769230769,2.79020723428501,-3.78,-0.633278301886793,0.731232464766276,-0.64,0.341838235294118,1.64,0.60986972752081,"c","c"
"309",2015,3,5,4.83333333333333,2.61406452355969,-0.51,-0.133733294025157,0.101891435291431,-0.16,1.26211328976035,3.44,1.12765306889532,"w","w"
"310",2015,3,6,15.3846153846154,7.73022705076703,-0.66,-0.154170597484277,0.154955934084141,-0.49,2.35832924836601,6.52,2.27237278207635,"w","w"
"311",2015,3,7,1.80769230769231,3.09931754274538,-0.51,-0.133733294025157,0.101891435291431,-0.16,1.26211328976035,3.44,1.12765306889532,"w","w"
"312",2015,3,8,4.83333333333333,2.61406452355969,-0.66,-0.154170597484277,0.154955934084141,-0.49,2.35832924836601,6.52,2.27237278207635,"w","w"
"313",2015,4,1,16.1923076923077,6.03648097521251,-3.97,-0.647617924528302,0.773366466335426,-0.61,0.299279684095861,1.86,0.575167199669599,"c","c"
"314",2015,4,2,27.9230769230769,4.81251040624916,-5.97,-0.92249606918239,1.16081366870352,-0.73,0.325575980392157,1.58,0.493536345038009,"c","c"
"315",2015,4,3,29.5416666666667,4.39244358029339,-3.97,-0.647617924528302,0.773366466335426,-0.61,0.299279684095861,1.86,0.575167199669599,"c","c"
"316",2015,4,4,16.1923076923077,6.03648097521251,-5.97,-0.92249606918239,1.16081366870352,-0.73,0.325575980392157,1.58,0.493536345038009,"c","c"
"317",2015,4,5,12.2307692307692,3.71716393132018,-0.68,-0.170215212264151,0.165596243439553,-0.36,1.35501089324619,3.34,1.0761518061804,"w","w"
"318",2015,4,6,-2.03846153846154,4.65681193907349,-0.48,-0.159077240566038,0.110028557958732,-0.16,1.94821759259259,4.19,1.45247243591004,"w","w"
"319",2015,4,7,-2.03846153846154,4.65681193907349,-0.68,-0.170215212264151,0.165596243439553,-0.36,1.35501089324619,3.34,1.0761518061804,"w","w"
"320",2015,4,8,0.923076923076923,3.9887662767147,-0.48,-0.159077240566038,0.110028557958732,-0.16,1.94821759259259,4.19,1.45247243591004,"w","w"
"321",2015,5,1,12.5384615384615,3.86469888036538,-5.94,-1.26780758647799,1.27121752033448,-0.74,0.528572984749455,2.19,0.762331662410512,"c","c"
"322",2015,5,2,10.2307692307692,2.32392793038877,-7.6,-1.38465801886792,1.5221832313067,-0.8,0.474532952069717,2.44,0.811427271758439,"c","c"
"323",2015,5,3,10.2307692307692,2.32392793038877,-5.94,-1.26780758647799,1.27121752033448,-0.74,0.528572984749455,2.19,0.762331662410512,"c","c"
"324",2015,5,4,6.23076923076923,6.57842238121277,-7.6,-1.38465801886792,1.5221832313067,-0.8,0.474532952069717,2.44,0.811427271758439,"c","c"
"325",2015,5,5,23.7692307692308,3.40107449084957,-0.56,-0.243720518867925,0.0924041657248641,-0.27,0.934575163398693,2.59,0.852196677240784,"w","w"
"326",2015,5,6,8.92307692307692,3.14143116168248,-0.72,-0.244061517295598,0.109242393284085,-0.34,1.27647739651416,3.27,1.07901497555823,"w","w"
"327",2015,5,7,15.0769230769231,3.25861776580036,-0.56,-0.243720518867925,0.0924041657248641,-0.27,0.934575163398693,2.59,0.852196677240784,"w","w"
"328",2015,5,8,23.7692307692308,3.40107449084957,-0.72,-0.244061517295598,0.109242393284085,-0.34,1.27647739651416,3.27,1.07901497555823,"w","w"
"329",2015,6,1,8.03846153846154,3.49679340289988,-4.74,-0.968772602201258,1.0008321240453,-0.7,0.591352124183007,2.34,0.783080918963299,"c","c"
"330",2015,6,2,5.11538461538462,3.48899368343895,-7.63,-1.38675117924528,1.60416853765358,-0.82,0.873157679738562,3.86,1.19527511144832,"c","c"
"331",2015,6,3,7.92307692307692,4.13242339032717,-4.74,-0.968772602201258,1.0008321240453,-0.7,0.591352124183007,2.34,0.783080918963299,"c","c"
"332",2015,6,4,8.03846153846154,3.49679340289988,-7.63,-1.38675117924528,1.60416853765358,-0.82,0.873157679738562,3.86,1.19527511144832,"c","c"
"333",2015,6,5,1.07692307692308,2.77523387787824,-0.59,-0.248330385220126,0.107519786531653,-0.28,1.30060729847495,4.11,1.36216669033484,"w","w"
"334",2015,6,6,-2.19230769230769,3.37600887105409,-0.88,-0.352006682389937,0.182907133576252,-0.45,1.97846269063181,5.7,1.92445952320615,"w","w"
"335",2015,6,7,8,2.77638854149295,-0.59,-0.248330385220126,0.107519786531653,-0.28,1.30060729847495,4.11,1.36216669033484,"w","w"
"336",2015,6,8,1.07692307692308,2.77523387787824,-0.88,-0.352006682389937,0.182907133576252,-0.45,1.97846269063181,5.7,1.92445952320615,"w","w"
"337",2016,1,1,9.91111111111111,3.73753821641892,-3.12,-0.767283841940532,0.846037901233077,-0.45,1.11679738562092,3.12,1.17239904696805,"c","c"
"338",2016,1,2,13.4891304347826,4.44158271394679,-3.01,-0.804927621283255,0.849086852720471,-0.43,1.02519199346405,3.25,1.17127586341037,"c","c"
"339",2016,1,3,10.2173913043478,5.41156392871685,-3.12,-0.767283841940532,0.846037901233077,-0.45,1.11679738562092,3.12,1.17239904696805,"c","c"
"340",2016,1,4,9.91111111111111,3.73753821641892,-3.01,-0.804927621283255,0.849086852720471,-0.43,1.02519199346405,3.25,1.17127586341037,"c","c"
"341",2016,1,5,4,3.13339780720256,-0.4,-0.158210093896714,0.0804312235359281,-0.24,3.0435552832244,5.59,1.93083608013334,"w","w"
"342",2016,1,6,2.01086956521739,4.23804086084175,-0.56,-0.184210680751174,0.118381447419721,-0.29,2.70983932461874,5.04,1.71037718484829,"w","w"
"343",2016,1,7,2.01086956521739,4.23804086084175,-0.4,-0.158210093896714,0.0804312235359281,-0.24,3.0435552832244,5.59,1.93083608013334,"w","w"
"344",2016,1,8,17.4239130434783,5.45279478932527,-0.56,-0.184210680751174,0.118381447419721,-0.29,2.70983932461874,5.04,1.71037718484829,"w","w"
"345",2016,2,1,19.75,5.41782038995183,-2.48,-0.593932902973396,0.680889909573751,-0.38,0.510208333333333,1.97,0.727175550880936,"c","c"
"346",2016,2,2,17.3555555555556,5.76492354106656,-2.75,-0.731713615023474,0.781895652658816,-0.47,0.591384803921569,2.22,0.78060393626806,"c","c"
"347",2016,2,3,11.804347826087,4.84364217972564,-2.48,-0.593932902973396,0.680889909573751,-0.38,0.510208333333333,1.97,0.727175550880936,"c","c"
"348",2016,2,4,19.75,5.41782038995183,-2.75,-0.731713615023474,0.781895652658816,-0.47,0.591384803921569,2.22,0.78060393626806,"c","c"
"349",2016,2,5,-0.902173913043478,3.93505550605691,-0.41,-0.141109154929577,0.0784114400184392,-0.12,1.98978077342048,4.11,1.6606782202783,"w","w"
"350",2016,2,6,-4.5,3.75055551440939,-0.45,-0.16825117370892,0.0803335576443789,-0.28,1.73847494553377,4.08,1.59116032010956,"w","w"
"351",2016,2,7,-4.5,3.75055551440939,-0.41,-0.141109154929577,0.0784114400184392,-0.12,1.98978077342048,4.11,1.6606782202783,"w","w"
"352",2016,2,8,1.19,3.38891240263411,-0.45,-0.16825117370892,0.0803335576443789,-0.28,1.73847494553377,4.08,1.59116032010956,"w","w"
"353",2016,3,1,15.1444444444444,3.81477722187355,-2.69,-0.73862382629108,0.77420364762843,-0.41,1.22673883442266,3.42,1.22426346272314,"c","c"
"354",2016,3,2,18.0695652173913,5.53597806535545,-2.65,-0.572816901408451,0.664721585030119,-0.66,0.757982026143791,2.41,0.894362044353336,"c","c"
"355",2016,3,3,15.0217391304348,5.26197736569642,-2.69,-0.73862382629108,0.77420364762843,-0.41,1.22673883442266,3.42,1.22426346272314,"c","c"
"356",2016,3,4,15.1444444444444,3.81477722187355,-2.65,-0.572816901408451,0.664721585030119,-0.66,0.757982026143791,2.41,0.894362044353336,"c","c"
"357",2016,3,5,3.25555555555556,2.38752016227142,-0.4,-0.140591744913928,0.0910713779739154,-0.25,2.26539896514161,4.56,1.68233567004062,"w","w"
"358",2016,3,6,10.9347826086957,3.72172107088489,-0.52,-0.14183489827856,0.133473075380543,-0.54,3.85387118736383,7.72,2.71999201023971,"w","w"
"359",2016,3,7,-0.804913043478261,2.293836987583,-0.4,-0.140591744913928,0.0910713779739154,-0.25,2.26539896514161,4.56,1.68233567004062,"w","w"
"360",2016,3,8,3.25555555555556,2.38752016227142,-0.52,-0.14183489827856,0.133473075380543,-0.54,3.85387118736383,7.72,2.71999201023971,"w","w"
"361",2016,4,1,19.1630434782609,8.15683377285989,-2.54,-0.654509976525822,0.730608235189726,-0.35,0.727916666666667,2.64,0.859415549753341,"c","c"
"362",2016,4,2,27.9347826086957,6.77217238709852,-2.19,-0.600558489827856,0.630107064356836,-0.76,0.577826797385621,2.44,0.72226898932724,"c","c"
"363",2016,4,3,31.4375,5.72912878775357,-2.54,-0.654509976525822,0.730608235189726,-0.35,0.727916666666667,2.64,0.859415549753341,"c","c"
"364",2016,4,4,19.1630434782609,8.15683377285989,-2.19,-0.600558489827856,0.630107064356836,-0.76,0.577826797385621,2.44,0.72226898932724,"c","c"
"365",2016,4,5,7.84782608695652,2.94556081288699,-0.76,-0.137767018779343,0.131875062420095,-0.5,1.99031181917211,3.95,1.39050930809642,"w","w"
"366",2016,4,6,-12.5326086956522,4.74505845171005,-0.46,-0.0890952660406886,0.0949373528673961,-0.08,3.36123366013072,5.01,1.15219547330038,"w","w"
"367",2016,4,7,-12.5326086956522,4.74505845171005,-0.76,-0.137767018779343,0.131875062420095,-0.5,1.99031181917211,3.95,1.39050930809642,"w","w"
"368",2016,4,8,-6.98888888888889,4.36083927609344,-0.46,-0.0890952660406886,0.0949373528673961,-0.08,3.36123366013072,5.01,1.15219547330038,"w","w"
"369",2016,5,1,10.8586956521739,4.22514042301589,-2.2,-0.668287363067293,0.614576509153878,-0.52,1.04281454248366,2.9,1.05848449288662,"c","c"
"370",2016,5,2,11.5217391304348,3.99438011007567,-3.79,-1.06129694835681,1.08604195917533,-0.63,0.84379765795207,2.78,1.03428335817771,"c","c"
"371",2016,5,3,11.5217391304348,3.99438011007567,-2.2,-0.668287363067293,0.614576509153878,-0.52,1.04281454248366,2.9,1.05848449288662,"c","c"
"372",2016,5,4,3.01086956521739,3.58002037615986,-3.79,-1.06129694835681,1.08604195917533,-0.63,0.84379765795207,2.78,1.03428335817771,"c","c"
"373",2016,5,5,20.2608695652174,4.046588591277,-0.52,-0.198008607198748,0.0647246821571567,-0.38,1.65992919389978,3.29,1.13803148892205,"w","w"
"374",2016,5,6,5.04347826086957,2.60304541078868,-0.62,-0.216815336463224,0.0844668460596665,-0.36,2.09905092592593,3.84,1.32219994854387,"w","w"
"375",2016,5,7,11.9565217391304,4.49916793166189,-0.52,-0.198008607198748,0.0647246821571567,-0.38,1.65992919389978,3.29,1.13803148892205,"w","w"
"376",2016,5,8,20.2608695652174,4.046588591277,-0.62,-0.216815336463224,0.0844668460596665,-0.36,2.09905092592593,3.84,1.32219994854387,"w","w"
"377",2016,6,1,9.19565217391304,2.67805539082531,-1.45,-0.433787167449139,0.363566592536882,-0.55,1.06959694989107,2.7,0.999837301688481,"c","c"
"378",2016,6,2,3.60869565217391,3.92981911299611,-3.18,-0.924860133020344,0.926939240336905,-0.54,1.50326388888889,4.09,1.50399655811369,"c","c"
"379",2016,6,3,6.16304347826087,3.42061454489311,-1.45,-0.433787167449139,0.363566592536882,-0.55,1.06959694989107,2.7,0.999837301688481,"c","c"
"380",2016,6,4,9.19565217391304,2.67805539082531,-3.18,-0.924860133020344,0.926939240336905,-0.54,1.50326388888889,4.09,1.50399655811369,"c","c"
"381",2016,6,5,0.543478260869565,2.83789062305188,-0.4,-0.201712636932707,0.0608253833111272,-0.18,2.40007625272331,5.01,1.85666634277372,"w","w"
"382",2016,6,6,-3.57608695652174,3.0893497901021,-0.45,-0.220843114241002,0.0655460605716704,-0.24,3.17917483660131,6.94,2.5129901433639,"w","w"
"383",2016,6,7,5.10434782608696,2.49060068807499,-0.4,-0.201712636932707,0.0608253833111272,-0.18,2.40007625272331,5.01,1.85666634277372,"w","w"
"384",2016,6,8,0.543478260869565,2.83789062305188,-0.45,-0.220843114241002,0.0655460605716704,-0.24,3.17917483660131,6.94,2.5129901433639,"w","w"
"385",2017,1,1,16.5151515151515,6.94789182109046,-4.45,-1.54284001572327,1.37190193572025,-1.08,0.497418300653595,2,0.853446142884457,"c","c"
"386",2017,1,2,16.6612903225806,8.23345522525243,-4.74,-1.86165978773585,1.4712642799454,-0.79,0.517393790849673,2,0.779332719421246,"c","c"
"387",2017,1,3,14.5757575757576,7.41948575976758,-4.45,-1.54284001572327,1.37190193572025,-1.08,0.497418300653595,2,0.853446142884457,"c","c"
"388",2017,1,4,16.5151515151515,6.94789182109046,-4.74,-1.86165978773585,1.4712642799454,-0.79,0.517393790849673,2,0.779332719421246,"c","c"
"389",2017,1,5,8.43939393939394,6.24219209262356,-1.67,-0.704896816037736,0.562125755746345,-0.62,1.36008442265795,3.52,1.47107677791203,"w","w"
"390",2017,1,6,4.04545454545455,4.91388917438945,-1.4,-0.515920794025157,0.445959063376191,-0.7,0.922079248366013,2.94,1.1383919380125,"w","w"
"391",2017,1,7,4.04545454545455,4.91388917438945,-1.67,-0.704896816037736,0.562125755746345,-0.62,1.36008442265795,3.52,1.47107677791203,"w","w"
"392",2017,1,8,20.4242424242424,5.41139020394888,-1.4,-0.515920794025157,0.445959063376191,-0.7,0.922079248366013,2.94,1.1383919380125,"w","w"
"393",2017,2,1,24.2424242424242,6.62160433274248,-4.52,-1.62737224842767,1.38974483840188,-1.02,0.173035130718954,0.9,0.381696194829412,"c","c"
"394",2017,2,2,23.0892857142857,7.58538259420902,-4.49,-1.56276434748428,1.37794941972926,-0.94,0.244311002178649,1.51,0.522031475541416,"c","c"
"395",2017,2,3,16.9393939393939,5.95918091026041,-4.52,-1.62737224842767,1.38974483840188,-1.02,0.173035130718954,0.9,0.381696194829412,"c","c"
"396",2017,2,4,24.2424242424242,6.62160433274248,-4.49,-1.56276434748428,1.37794941972926,-0.94,0.244311002178649,1.51,0.522031475541416,"c","c"
"397",2017,2,5,4.98484848484848,3.97548119824201,-1.74,-0.755857900943396,0.571127004341792,-0.35,1.53833877995643,4.66,1.38945371757101,"w","w"
"398",2017,2,6,1.89393939393939,4.62290083402317,-1.9,-0.810418632075472,0.577273334619433,-0.45,0.472155501089325,1.71,0.641641167667297,"w","w"
"399",2017,2,7,1.89393939393939,4.62290083402317,-1.74,-0.755857900943396,0.571127004341792,-0.35,1.53833877995643,4.66,1.38945371757101,"w","w"
"400",2017,2,8,3.57575757575758,4.52272251408308,-1.9,-0.810418632075472,0.577273334619433,-0.45,0.472155501089325,1.71,0.641641167667297,"w","w"
"401",2017,3,1,17.469696969697,4.72020158788828,-3.31,-1.35238797169811,0.989866313773611,-0.71,0.705275054466231,2.32,0.921071976734581,"c","c"
"402",2017,3,2,24.390625,6.36742513286027,-3.67,-1.38485357704403,1.1295938511184,-0.95,0.272893518518519,1.5,0.658825379081138,"c","c"
"403",2017,3,3,19.03125,6.64653378012349,-3.31,-1.35238797169811,0.989866313773611,-0.71,0.705275054466231,2.32,0.921071976734581,"c","c"
"404",2017,3,4,17.469696969697,4.72020158788828,-3.67,-1.38485357704403,1.1295938511184,-0.95,0.272893518518519,1.5,0.658825379081138,"c","c"
"405",2017,3,5,6.21212121212121,2.50009469517626,-1.76,-0.836903498427673,0.608749047937378,-0.42,1.32418981481481,3.76,1.37665933597673,"w","w"
"406",2017,3,6,16.2272727272727,6.76975224469444,-2.37,-1.03321835691824,0.811162535106126,-0.55,2.21352805010893,5.72,2.03537109343183,"w","w"
"407",2017,3,7,-0.681818181818182,2.66287609379578,-1.76,-0.836903498427673,0.608749047937378,-0.42,1.32418981481481,3.76,1.37665933597673,"w","w"
"408",2017,3,8,6.21212121212121,2.50009469517626,-2.37,-1.03321835691824,0.811162535106126,-0.55,2.21352805010893,5.72,2.03537109343183,"w","w"
"409",2017,4,1,29.030303030303,7.17083872572121,-2.4,-0.940566037735849,0.721660012351583,-0.45,0.539729030501089,1.99,0.704572985207709,"c","c"
"410",2017,4,2,32.4464285714286,8.31814091332722,-3.86,-1.41147503930818,1.12935222935621,-0.8,0.314865196078431,1.45,0.481611511671318,"c","c"
"411",2017,4,3,36.9,7.31955340638796,-2.4,-0.940566037735849,0.721660012351583,-0.45,0.539729030501089,1.99,0.704572985207709,"c","c"
"412",2017,4,4,29.030303030303,7.17083872572121,-3.86,-1.41147503930818,1.12935222935621,-0.8,0.314865196078431,1.45,0.481611511671318,"c","c"
"413",2017,4,5,10.1969696969697,5.79592986761426,-1.66,-0.77232409591195,0.520699995222995,-0.85,0.799191176470588,2.68,0.943936359735583,"w","w"
"414",2017,4,6,-6.10606060606061,5.65237446753239,-2.61,-1.0778920990566,0.850669647219308,-0.4,1.20061546840959,3.16,1.18618366153354,"w","w"
"415",2017,4,7,-6.10606060606061,5.65237446753239,-1.66,-0.77232409591195,0.520699995222995,-0.85,0.799191176470588,2.68,0.943936359735583,"w","w"
"416",2017,4,8,-3.48484848484849,4.81288123244027,-2.61,-1.0778920990566,0.850669647219308,-0.4,1.20061546840959,3.16,1.18618366153354,"w","w"
"417",2017,5,1,16.4848484848485,4.6895576291987,-4.98,-1.96193789308176,1.41559894460453,-0.68,0.441397058823529,1.74,0.72885763756188,"c","c"
"418",2017,5,2,12.3484848484848,9.52257584677464,-5.2,-2.00453812893082,1.56741466752455,-0.85,0.483630174291939,2.03,0.829402569997052,"c","c"
"419",2017,5,3,12.3484848484848,9.52257584677464,-4.98,-1.96193789308176,1.41559894460453,-0.68,0.441397058823529,1.74,0.72885763756188,"c","c"
"420",2017,5,4,7.10606060606061,5.49112576082647,-5.2,-2.00453812893082,1.56741466752455,-0.85,0.483630174291939,2.03,0.829402569997052,"c","c"
"421",2017,5,5,21.0151515151515,3.30124230518994,-1.22,-0.585266312893082,0.341180762005797,-0.66,0.527559912854031,1.94,0.728345219874069,"w","w"
"422",2017,5,6,6.25757575757576,3.31219624107539,-1.87,-0.753596698113208,0.510647665148176,-0.65,0.564150326797386,2.37,0.786382527989232,"w","w"
"423",2017,5,7,12.2727272727273,3.7998579518905,-1.22,-0.585266312893082,0.341180762005797,-0.66,0.527559912854031,1.94,0.728345219874069,"w","w"
"424",2017,5,8,21.0151515151515,3.30124230518994,-1.87,-0.753596698113208,0.510647665148176,-0.65,0.564150326797386,2.37,0.786382527989232,"w","w"
"425",2017,6,1,9.40909090909091,3.67307463478858,-4.19,-1.71473761792453,1.21628726156597,-0.88,0.701342592592593,2.4,0.978113824783988,"c","c"
"426",2017,6,2,6.28787878787879,6.31099029351563,-5.21,-2.13427672955975,1.65744538272915,-0.9,1.14703976034858,3.67,1.34423334685843,"c","c"
"427",2017,6,3,12.030303030303,5.22604563989859,-4.19,-1.71473761792453,1.21628726156597,-0.88,0.701342592592593,2.4,0.978113824783988,"c","c"
"428",2017,6,4,9.40909090909091,3.67307463478858,-5.21,-2.13427672955975,1.65744538272915,-0.9,1.14703976034858,3.67,1.34423334685843,"c","c"
"429",2017,6,5,3.53030303030303,4.02713335144281,-1.41,-0.668846305031447,0.441436170294564,-0.47,1.04455610021786,3.35,1.34029162347767,"w","w"
"430",2017,6,6,-1.13636363636364,2.95611846238211,-2.99,-1.30806308962264,0.864065729339393,-0.53,2.36543436819172,6.04,2.30129839821592,"w","w"
"431",2017,6,7,6.81818181818182,2.55507516345588,-1.41,-0.668846305031447,0.441436170294564,-0.47,1.04455610021786,3.35,1.34029162347767,"w","w"
"432",2017,6,8,3.53030303030303,4.02713335144281,-2.99,-1.30806308962264,0.864065729339393,-0.53,2.36543436819172,6.04,2.30129839821592,"w","w"
"433",2018,1,1,16.7125,9.25762852448919,-0.5,-0.185427476415094,0.195302610400495,-0.38,0.934176198257081,3.12,1.06464801399722,"c","c"
"434",2018,1,2,18.45,7.88442151106234,-0.86,-0.272026336477987,0.267254273817818,-0.45,0.744283769063181,2.84,0.934267425332829,"c","c"
"435",2018,1,3,14.9878048780488,8.38039960628225,-0.5,-0.185427476415094,0.195302610400495,-0.38,0.934176198257081,3.12,1.06464801399722,"c","c"
"436",2018,1,4,16.7125,9.25762852448919,-0.86,-0.272026336477987,0.267254273817818,-0.45,0.744283769063181,2.84,0.934267425332829,"c","c"
"437",2018,1,5,6,5.97614304667197,-0.38,-0.0299194182389937,0.301677428965475,-0.5,3.07906318082789,6.62,2.33312571526968,"w","w"
"438",2018,1,6,3.06976744186047,6.1349713735398,-0.52,-0.0437490172955975,0.298213101746198,-0.48,2.74488562091503,5.62,1.98790041156289,"w","w"
"439",2018,1,7,3.06976744186047,6.1349713735398,-0.38,-0.0299194182389937,0.301677428965475,-0.5,3.07906318082789,6.62,2.33312571526968,"w","w"
"440",2018,1,8,18.5394736842105,4.54018332012815,-0.52,-0.0437490172955975,0.298213101746198,-0.48,2.74488562091503,5.62,1.98790041156289,"w","w"
"441",2018,2,1,19,7.39594483484024,-0.51,-0.16314072327044,0.137819175225655,-0.67,0.350113017429194,1.68,0.611364858176212,"c","c"
"442",2018,2,2,17.9861111111111,9.5127629388185,-0.6,-0.211479952830189,0.16839783009404,-0.61,0.439161220043573,2.06,0.634657287369493,"c","c"
"443",2018,2,3,15.890243902439,8.93694032871566,-0.51,-0.16314072327044,0.137819175225655,-0.67,0.350113017429194,1.68,0.611364858176212,"c","c"
"444",2018,2,4,19,7.39594483484024,-0.6,-0.211479952830189,0.16839783009404,-0.61,0.439161220043573,2.06,0.634657287369493,"c","c"
"445",2018,2,5,7.34883720930233,9.12449273457678,-0.52,-0.0968209512578616,0.308229159105955,-0.32,2.49397467320261,5.29,1.93793251767092,"w","w"
"446",2018,2,6,-1.88372093023256,7.349957247448,-0.41,-0.12,0.20041710804973,-0.34,1.83417211328976,4.73,1.69754564704801,"w","w"
"447",2018,2,7,-1.88372093023256,7.349957247448,-0.52,-0.0968209512578616,0.308229159105955,-0.32,2.49397467320261,5.29,1.93793251767092,"w","w"
"448",2018,2,8,3.98837209302326,6.06756440122494,-0.41,-0.12,0.20041710804973,-0.34,1.83417211328976,4.73,1.69754564704801,"w","w"
"449",2018,3,1,18.5416666666667,8.63578518226836,-0.47,-0.151428852201258,0.210920394287018,-0.29,1.31666530501089,3.62,1.31058717195828,"c","c"
"450",2018,3,2,26.6904761904762,15.2906604608397,-0.5,-0.162092177672956,0.187550185267416,-0.4,0.807472766884532,2.87,0.970136146104873,"c","c"
"451",2018,3,3,19.7027027027027,13.0418447588796,-0.47,-0.151428852201258,0.210920394287018,-0.29,1.31666530501089,3.62,1.31058717195828,"c","c"
"452",2018,3,4,18.5416666666667,8.63578518226836,-0.5,-0.162092177672956,0.187550185267416,-0.4,0.807472766884532,2.87,0.970136146104873,"c","c"
"453",2018,3,5,8.53488372093023,8.68865937713475,-0.43,-0.0568081761006289,0.290785013852255,-0.25,2.21095043572985,5.08,1.82230709674185,"w","w"
"454",2018,3,6,15.3837209302326,8.56198492319554,-0.49,-0.0107006682389937,0.434706430831132,-0.38,3.58108387799564,8.01,2.95097340058155,"w","w"
"455",2018,3,7,0.313953488372093,8.507715864783,-0.43,-0.0568081761006289,0.290785013852255,-0.25,2.21095043572985,5.08,1.82230709674185,"w","w"
"456",2018,3,8,8.53488372093023,8.68865937713475,-0.49,-0.0107006682389937,0.434706430831132,-0.38,3.58108387799564,8.01,2.95097340058155,"w","w"
"457",2018,4,1,25.2093023255814,13.1878518044429,-0.38,-0.0912716194968553,0.172160757183158,-0.59,0.812091503267974,2.87,1.06988137161427,"c","c"
"458",2018,4,2,26.4558823529412,11.4913456546845,-0.6,-0.150753242924528,0.185404624618096,-0.71,0.536846405228758,2.66,0.76757788440431,"c","c"
"459",2018,4,3,29.6029411764706,9.42014235542303,-0.38,-0.0912716194968553,0.172160757183158,-0.59,0.812091503267974,2.87,1.06988137161427,"c","c"
"460",2018,4,4,25.2093023255814,13.1878518044429,-0.6,-0.150753242924528,0.185404624618096,-0.71,0.536846405228758,2.66,0.76757788440431,"c","c"
"461",2018,4,5,10.7790697674419,6.1181835983105,-0.7,-0.143995676100629,0.247362805061188,-0.43,2.00425381263617,4.62,1.57549064191214,"w","w"
"462",2018,4,6,-8.47674418604651,8.53281724283767,-0.46,-0.0488487617924528,0.268733116284814,-0.46,2.83606753812636,5.5,1.89179456382778,"w","w"
"463",2018,4,7,-8.47674418604651,8.53281724283767,-0.7,-0.143995676100629,0.247362805061188,-0.43,2.00425381263617,4.62,1.57549064191214,"w","w"
"464",2018,4,8,-4.96511627906977,8.77116172250562,-0.46,-0.0488487617924528,0.268733116284814,-0.46,2.83606753812636,5.5,1.89179456382778,"w","w"
"465",2018,5,1,20.9761904761905,12.0552348617764,-0.54,-0.254013364779874,0.182144822954104,-0.39,0.822583061002179,2.38,0.900516829174155,"c","c"
"466",2018,5,2,16.1547619047619,9.37919863395049,-0.88,-0.318612421383648,0.252338372604995,-0.68,0.507438725490196,2.29,0.778135026778839,"c","c"
"467",2018,5,3,16.1547619047619,9.37919863395049,-0.54,-0.254013364779874,0.182144822954104,-0.39,0.822583061002179,2.38,0.900516829174155,"c","c"
"468",2018,5,4,10.4651162790698,11.8970761458222,-0.88,-0.318612421383648,0.252338372604995,-0.68,0.507438725490196,2.29,0.778135026778839,"c","c"
"469",2018,5,5,21.3139534883721,7.52853560020137,-0.83,-0.142319182389937,0.142048151608843,-0.79,1.53376906318083,3.63,1.28779955057599,"w","w"
"470",2018,5,6,6.75581395348837,4.87507276261114,-0.91,-0.143200668238994,0.190287730985687,-0.97,2.00005310457516,4.77,1.58490729346216,"w","w"
"471",2018,5,7,10.3953488372093,6.57154593279571,-0.83,-0.142319182389937,0.142048151608843,-0.79,1.53376906318083,3.63,1.28779955057599,"w","w"
"472",2018,5,8,21.3139534883721,7.52853560020137,-0.91,-0.143200668238994,0.190287730985687,-0.97,2.00005310457516,4.77,1.58490729346216,"w","w"
"473",2018,6,1,13.3552631578947,7.96691460398909,-0.98,-0.14359375,0.131448881727351,-0.85,1.16220315904139,3.04,0.958661153371949,"c","c"
"474",2018,6,2,9.01162790697674,10.543836143461,-1.29,-0.237267099056604,0.271276588597065,-1.09,0.827732843137255,3.08,1.096672567042,"c","c"
"475",2018,6,3,12.2125,11.4443399401917,-0.98,-0.14359375,0.131448881727351,-0.85,1.16220315904139,3.04,0.958661153371949,"c","c"
"476",2018,6,4,13.3552631578947,7.96691460398909,-1.29,-0.237267099056604,0.271276588597065,-1.09,0.827732843137255,3.08,1.096672567042,"c","c"
"477",2018,6,5,3.85714285714286,5.91431264617073,-0.38,-0.122426297169811,0.264382455960011,-0.3,2.39874455337691,5.67,2.07303586143547,"w","w"
"478",2018,6,6,0.348837209302326,5.52756607477138,-0.33,-0.0947297562893082,0.31611357036518,-0.41,3.06779139433551,6.83,2.51185662266486,"w","w"
"479",2018,6,7,6.54651162790698,5.42680072537741,-0.38,-0.122426297169811,0.264382455960011,-0.3,2.39874455337691,5.67,2.07303586143547,"w","w"
"480",2018,6,8,3.85714285714286,5.91431264617073,-0.33,-0.0947297562893082,0.31611357036518,-0.41,3.06779139433551,6.83,2.51185662266486,"w","w"
"481",2019,1,1,NA,NA,-2.02,-0.67126582278481,0.592631895179526,-0.46,1.40132625272331,4.12,1.41576921230896,"c","c"
"482",2019,1,2,NA,NA,-2.36,-0.745978830205151,0.650218234160349,-0.84,0.845185185185185,3.37,1.05316934751261,"c","c"
"483",2019,1,3,NA,NA,-2.02,-0.67126582278481,0.592631895179526,-0.46,1.40132625272331,4.12,1.41576921230896,"c","c"
"484",2019,1,4,NA,NA,-2.36,-0.745978830205151,0.650218234160349,-0.84,0.845185185185185,3.37,1.05316934751261,"c","c"
"485",2019,1,5,NA,NA,-0.48,-0.144633347883021,0.157826718114764,-0.39,2.8321977124183,7.21,2.59544308152744,"w","w"
"486",2019,1,6,NA,NA,-0.84,-0.13257202095155,0.184622422771687,-0.57,2.57960103485839,6.38,2.3321328311847,"w","w"
"487",2019,1,7,NA,NA,-0.48,-0.144633347883021,0.157826718114764,-0.39,2.8321977124183,7.21,2.59544308152744,"w","w"
"488",2019,1,8,NA,NA,-0.84,-0.13257202095155,0.184622422771687,-0.57,2.57960103485839,6.38,2.3321328311847,"w","w"
"489",2019,2,1,NA,NA,-1.63,-0.508695984286338,0.410940913594678,-0.45,0.736518246187364,2.62,0.946273184162532,"c","c"
"490",2019,2,2,NA,NA,-1.76,-0.594487123526844,0.500150221838133,-0.73,0.595029956427015,2.43,0.778865843628355,"c","c"
"491",2019,2,3,NA,NA,-1.63,-0.508695984286338,0.410940913594678,-0.45,0.736518246187364,2.62,0.946273184162532,"c","c"
"492",2019,2,4,NA,NA,-1.76,-0.594487123526844,0.500150221838133,-0.73,0.595029956427015,2.43,0.778865843628355,"c","c"
"493",2019,2,5,NA,NA,-1.08,-0.399767568747272,0.309578472466326,-0.45,2.7132584422658,5.76,2.09473502388771,"w","w"
"494",2019,2,6,NA,NA,-0.74,-0.335427760803143,0.200447230829533,-0.5,1.2513984204793,3.95,1.54054963203472,"w","w"
"495",2019,2,7,NA,NA,-1.08,-0.399767568747272,0.309578472466326,-0.45,2.7132584422658,5.76,2.09473502388771,"w","w"
"496",2019,2,8,NA,NA,-0.74,-0.335427760803143,0.200447230829533,-0.5,1.2513984204793,3.95,1.54054963203472,"w","w"
"497",2019,3,1,NA,NA,-2.96,-0.828208206023571,0.77809615919397,-0.43,1.54862336601307,4.38,1.44413471292561,"c","c"
"498",2019,3,2,NA,NA,-1.78,-0.576053033609777,0.515610988538082,-0.85,1.30707244008715,3.51,1.25496108017008,"c","c"
"499",2019,3,3,NA,NA,-2.96,-0.828208206023571,0.77809615919397,-0.43,1.54862336601307,4.38,1.44413471292561,"c","c"
"500",2019,3,4,NA,NA,-1.78,-0.576053033609777,0.515610988538082,-0.85,1.30707244008715,3.51,1.25496108017008,"c","c"
"501",2019,3,5,1.17741935483871,2.84472724848615,-0.57,-0.210764949803579,0.165974920068243,-0.4,2.16929602396514,4.98,1.89845171763885,"w","w"
"502",2019,3,6,20.1774193548387,6.72749134410043,-0.79,-0.283458096900917,0.265021957357521,-0.65,3.2249537037037,7.96,2.88371792774269,"w","w"
"503",2019,3,7,NA,NA,-0.57,-0.210764949803579,0.165974920068243,-0.4,2.16929602396514,4.98,1.89845171763885,"w","w"
"504",2019,3,8,NA,NA,-0.79,-0.283458096900917,0.265021957357521,-0.65,3.2249537037037,7.96,2.88371792774269,"w","w"
"505",2019,4,1,19.7096774193548,7.29357501909316,-1.77,-0.556213443910956,0.48714734965004,-0.51,0.889202069716776,3.4,1.08194186167147,"c","c"
"506",2019,4,2,30.4032258064516,8.19493680557159,-3.35,-0.932532736796159,0.92023911093844,-0.76,0.80229302832244,3.46,1.04005534855986,"c","c"
"507",2019,4,3,NA,NA,-1.77,-0.556213443910956,0.48714734965004,-0.51,0.889202069716776,3.4,1.08194186167147,"c","c"
"508",2019,4,4,21.241935483871,7.98004904719883,-3.35,-0.932532736796159,0.92023911093844,-0.76,0.80229302832244,3.46,1.04005534855986,"c","c"
"509",2019,4,5,3.62903225806452,2.76877753390518,-0.87,-0.239517677869926,0.177252629969123,-0.54,1.82095043572985,4.91,1.84836181396848,"w","w"
"510",2019,4,6,NA,NA,-0.68,-0.221510257529463,0.176909053065127,-0.38,2.33866421568627,5.91,2.13420377787243,"w","w"
"511",2019,4,7,NA,NA,-0.87,-0.239517677869926,0.177252629969123,-0.54,1.82095043572985,4.91,1.84836181396848,"w","w"
"512",2019,4,8,NA,NA,-0.68,-0.221510257529463,0.176909053065127,-0.38,2.33866421568627,5.91,2.13420377787243,"w","w"
"513",2019,5,1,NA,NA,-2.88,-0.951294194674814,0.769600417817587,-0.52,1.00619417211329,2.88,1.01278917903207,"c","c"
"514",2019,5,2,11.0967741935484,3.5949486663899,-3.03,-1.00284591881275,0.893238438274326,-0.67,0.853444989106754,3.31,1.05859775342889,"c","c"
"515",2019,5,3,NA,NA,-2.88,-0.951294194674814,0.769600417817587,-0.52,1.00619417211329,2.88,1.01278917903207,"c","c"
"516",2019,5,4,NA,NA,-3.03,-1.00284591881275,0.893238438274326,-0.67,0.853444989106754,3.31,1.05859775342889,"c","c"
"517",2019,5,5,13.6129032258065,3.93850580258418,-0.59,-0.227393059799214,0.112621099141809,-0.72,1.37061002178649,3.88,1.49783678358051,"w","w"
"518",2019,5,6,3.16129032258065,3.81529181228687,-0.74,-0.253879310344828,0.172730474811633,-1.1,1.7622385620915,5.26,1.86890364761657,"w","w"
"519",2019,5,7,3.16129032258065,3.81529181228687,-0.59,-0.227393059799214,0.112621099141809,-0.72,1.37061002178649,3.88,1.49783678358051,"w","w"
"520",2019,5,8,-2.74193548387097,4.5932395389709,-0.74,-0.253879310344828,0.172730474811633,-1.1,1.7622385620915,5.26,1.86890364761657,"w","w"
"521",2019,6,1,NA,NA,-2.13,-0.599660628546486,0.466394522657014,-0.94,0.942076525054466,2.83,1.13305629360691,"c","c"
"522",2019,6,2,NA,NA,-3.04,-0.855714753382802,0.804210125148789,-1.34,1.30486791938998,4.01,1.45566125047624,"c","c"
"523",2019,6,3,NA,NA,-2.13,-0.599660628546486,0.466394522657014,-0.94,0.942076525054466,2.83,1.13305629360691,"c","c"
"524",2019,6,4,NA,NA,-3.04,-0.855714753382802,0.804210125148789,-1.34,1.30486791938998,4.01,1.45566125047624,"c","c"
"525",2019,6,5,-1.91935483870968,3.35682581762779,-0.65,-0.270718027062418,0.144055734005379,-0.43,2.22673338779956,5.29,2.04718762368024,"w","w"
"526",2019,6,6,-3.43548387096774,2.70413860432446,-0.82,-0.406813618507202,0.223190422293029,-0.57,2.98095860566449,7.43,2.73933579455266,"w","w"
"527",2019,6,7,0.82258064516129,3.98862630299534,-0.65,-0.270718027062418,0.144055734005379,-0.43,2.22673338779956,5.29,2.04718762368024,"w","w"
"528",2019,6,8,NA,NA,-0.82,-0.406813618507202,0.223190422293029,-0.57,2.98095860566449,7.43,2.73933579455266,"w","w"
"529",2020,1,1,13.3333333333333,3.91578004149024,-1,-0.321497456964006,0.242728582211306,-0.35,1.05583605664488,3.1,1.08022854236811,"c","c"
"530",2020,1,2,19.5714285714286,5.48856435002257,-1.97,-0.620416666666667,0.52463750335693,-0.41,0.552734204793028,2.36,0.721383030293131,"c","c"
"531",2020,1,3,10.0354838709677,2.97192960740961,-1,-0.321497456964006,0.242728582211306,-0.35,1.05583605664488,3.1,1.08022854236811,"c","c"
"532",2020,1,4,28.953125,3.53635354156902,-1.97,-0.620416666666667,0.52463750335693,-0.41,0.552734204793028,2.36,0.721383030293131,"c","c"
"533",2020,1,5,2.921875,2.52761960886063,-0.43,-0.0498884976525822,0.333609681267383,-0.19,2.71738289760349,5.69,2.03005449972735,"w","w"
"534",2020,1,6,2.41935483870968,3.79274916604818,-0.5,-0.0437255477308294,0.315775232166834,-0.23,2.50989923747277,4.99,1.78237049361987,"w","w"
"535",2020,1,7,2.41935483870968,3.79274916604818,-0.43,-0.0498884976525822,0.333609681267383,-0.19,2.71738289760349,5.69,2.03005449972735,"w","w"
"536",2020,1,8,17.6774193548387,2.53162789227529,-0.5,-0.0437255477308294,0.315775232166834,-0.23,2.50989923747277,4.99,1.78237049361987,"w","w"
"537",2020,2,1,22.2161290322581,2.79429141574909,-0.79,-0.299099178403756,0.214507163598715,-0.38,0.690923202614379,2.35,0.849121081160213,"c","c"
"538",2020,2,2,9.65625,7.2227658673249,-0.95,-0.362766040688576,0.262285789004843,-0.37,0.343793572984749,1.72,0.537719334224749,"c","c"
"539",2020,2,3,9.65625,7.2227658673249,-0.79,-0.299099178403756,0.214507163598715,-0.38,0.690923202614379,2.35,0.849121081160213,"c","c"
"540",2020,2,4,9.65625,7.2227658673249,-0.95,-0.362766040688576,0.262285789004843,-0.37,0.343793572984749,1.72,0.537719334224749,"c","c"
"541",2020,2,5,5.35483870967742,2.81126765115875,-0.54,-0.093235524256651,0.29942508557243,-0.2,2.43827069716776,4.95,1.79234651730955,"w","w"
"542",2020,2,6,5.35483870967742,2.81126765115875,-0.45,-0.157816901408451,0.261941351016483,-0.23,1.68719907407407,4.45,1.54105073910372,"w","w"
"543",2020,2,7,-7.484375,3.52064046363635,-0.54,-0.093235524256651,0.29942508557243,-0.2,2.43827069716776,4.95,1.79234651730955,"w","w"
"544",2020,2,8,1.03125,2.34842946833452,-0.45,-0.157816901408451,0.261941351016483,-0.23,1.68719907407407,4.45,1.54105073910372,"w","w"
"545",2020,3,1,17.984375,4.93748723967318,-1.64,-0.529618544600939,0.49093240379183,-0.46,1.21988698257081,3.74,1.20798056735018,"c","c"
"546",2020,3,2,17.984375,4.93748723967318,-1.33,-0.392754303599374,0.398942826644251,-0.69,0.602652505446623,2.85,0.883735627797404,"c","c"
"547",2020,3,3,23.9545454545455,5.77760173585735,-1.64,-0.529618544600939,0.49093240379183,-0.46,1.21988698257081,3.74,1.20798056735018,"c","c"
"548",2020,3,4,17.1818181818182,4.24230586956069,-1.33,-0.392754303599374,0.398942826644251,-0.69,0.602652505446623,2.85,0.883735627797404,"c","c"
"549",2020,3,5,0.96875,2.03175396973856,-0.41,-0.0738575899843506,0.22523722246282,-0.3,2.18139297385621,4.96,1.8425945746223,"w","w"
"550",2020,3,6,21.6060606060606,5.62188465918789,-0.66,-0.162325899843506,0.399674264575584,-0.5,3.12281181917211,8.14,2.87498825405849,"w","w"
"551",2020,3,7,-5.45454545454545,1.27698152617092,-0.41,-0.0738575899843506,0.22523722246282,-0.3,2.18139297385621,4.96,1.8425945746223,"w","w"
"552",2020,3,8,5.66969696969697,1.49697295576875,-0.66,-0.162325899843506,0.399674264575584,-0.5,3.12281181917211,8.14,2.87498825405849,"w","w"
"553",2020,4,1,26.2242424242424,9.63963271807562,-3.2,-0.802585093896714,0.864650779197345,-0.54,0.346665305010893,2.48,0.549254906558966,"c","c"
"554",2020,4,2,30.2777777777778,7.19113470188493,-3.76,-1.24174980438185,1.16355076219754,-0.88,0.126887254901961,3.39,0.511126273136792,"c","c"
"555",2020,4,3,31.7692307692308,3.90840645604331,-3.2,-0.802585093896714,0.864650779197345,-0.54,0.346665305010893,2.48,0.549254906558966,"c","c"
"556",2020,4,4,28.7272727272727,9.8099844777933,-3.76,-1.24174980438185,1.16355076219754,-0.88,0.126887254901961,3.39,0.511126273136792,"c","c"
"557",2020,4,5,3.75757575757576,4.35911618787501,-0.86,-0.22793427230047,0.266700573883614,-0.44,2.04350490196078,4.89,1.84536534356633,"w","w"
"558",2020,4,6,-16.2096774193548,2.9602201313089,-0.69,-0.151452464788732,0.308762653981943,-0.26,3.11098992374728,5.3,1.74401651752726,"w","w"
"559",2020,4,7,-16.2096774193548,2.9602201313089,-0.86,-0.22793427230047,0.266700573883614,-0.44,2.04350490196078,4.89,1.84536534356633,"w","w"
"560",2020,4,8,6.58484848484849,3.5729120836617,-0.69,-0.151452464788732,0.308762653981943,-0.26,3.11098992374728,5.3,1.74401651752726,"w","w"
"561",2020,5,1,16.0882352941177,4.79183426041872,-1.09,-0.417555751173709,0.296639500855584,-0.49,0.939519335511983,2.77,0.921771249598542,"c","c"
"562",2020,5,2,10.2121212121212,2.86146352149534,-2.84,-0.830779538341158,0.781264014618583,-0.99,0.514791666666667,2.78,0.728285273153077,"c","c"
"563",2020,5,3,12.3787878787879,4.39643019788197,-1.09,-0.417555751173709,0.296639500855584,-0.49,0.939519335511983,2.77,0.921771249598542,"c","c"
"564",2020,5,4,-0.560606060606061,2.72934738009146,-2.84,-0.830779538341158,0.781264014618583,-0.99,0.514791666666667,2.78,0.728285273153077,"c","c"
"565",2020,5,5,11.0454545454545,3.40120299573281,-0.83,-0.163936815336463,0.146535871825485,-0.74,1.77842592592593,3.95,1.43645755106927,"w","w"
"566",2020,5,6,2.5,2.46855220726644,-0.94,-0.114821009389671,0.198251348118818,-1.09,2.43810593681917,4.96,1.71815058155218,"w","w"
"567",2020,5,7,2.5,2.46855220726644,-0.83,-0.163936815336463,0.146535871825485,-0.74,1.77842592592593,3.95,1.43645755106927,"w","w"
"568",2020,5,8,-5.07575757575758,2.71604380292254,-0.94,-0.114821009389671,0.198251348118818,-1.09,2.43810593681917,4.96,1.71815058155218,"w","w"
"569",2020,6,1,9.125,2.49192243445795,-1.25,-0.263443857589984,0.202123918012771,-0.96,0.865423474945534,3.25,0.917256037628741,"c","c"
"570",2020,6,2,1.15151515151515,4.22138315692567,-1.59,-0.361192292644757,0.383397876772411,-1.16,0.988457244008715,3.87,1.20533749980431,"c","c"
"571",2020,6,3,7.53030303030303,3.3352740562513,-1.25,-0.263443857589984,0.202123918012771,-0.96,0.865423474945534,3.25,0.917256037628741,"c","c"
"572",2020,6,4,18.969696969697,4.02325154946879,-1.59,-0.361192292644757,0.383397876772411,-1.16,0.988457244008715,3.87,1.20533749980431,"c","c"
"573",2020,6,5,-1.66666666666667,4.12626243308235,-0.57,-0.187392410015649,0.27059563488389,-0.33,2.46008442265795,5.27,2.13769837534543,"w","w"
"574",2020,6,6,-2.87096774193548,2.77479050841526,-0.55,-0.196607981220657,0.255043111321148,-0.44,3.02317538126362,6.18,2.20015994089197,"w","w"
"575",2020,6,7,0.448484848484848,4.26542210778438,-0.57,-0.187392410015649,0.27059563488389,-0.33,2.46008442265795,5.27,2.13769837534543,"w","w"
"576",2020,6,8,-0.140625,5.66573511871883,-0.55,-0.196607981220657,0.255043111321148,-0.44,3.02317538126362,6.18,2.20015994089197,"w","w"
"577",2021,1,1,11.725,6.10537942266792,-1.05,-0.318573113207547,0.424637215487272,-0.43,0.816229575163399,3.16,1.0904596679731,"c","c"
"578",2021,1,2,19,6.86982128184165,-1.19,-0.371727594339623,0.411869809454635,-0.45,0.524022331154684,2.08,0.739682713184381,"c","c"
"579",2021,1,3,12.375,7.93211688396418,-1.05,-0.318573113207547,0.424637215487272,-0.43,0.816229575163399,3.16,1.0904596679731,"c","c"
"580",2021,1,4,28.375,3.14377692168725,-1.19,-0.371727594339623,0.411869809454635,-0.45,0.524022331154684,2.08,0.739682713184381,"c","c"
"581",2021,1,5,8.53846153846154,8.21817872393035,-0.56,-0.00590801886792454,0.573161636378247,-0.45,2.18281862745098,6.58,2.36411409253409,"w","w"
"582",2021,1,6,7,10.6348483769163,-0.41,0.0231721698113208,0.529413286337074,-0.26,2.22391203703704,6.01,2.08798512650094,"w","w"
"583",2021,1,7,7,10.6348483769163,-0.56,-0.00590801886792454,0.573161636378247,-0.45,2.18281862745098,6.58,2.36411409253409,"w","w"
"584",2021,1,8,21.5,8.08899364456532,-0.41,0.0231721698113208,0.529413286337074,-0.26,2.22391203703704,6.01,2.08798512650094,"w","w"
"585",2021,2,1,23.8,5.32165387826003,-0.9,-0.236955581761006,0.333339337461185,-0.41,0.426388888888889,1.91,0.709879335730324,"c","c"
"586",2021,2,2,15.3076923076923,9.44253877204317,-0.8,-0.286159591194969,0.311414576583196,-0.39,0.306124727668845,1.46,0.528180155010842,"c","c"
"587",2021,2,3,15.3076923076923,9.44253877204317,-0.9,-0.236955581761006,0.333339337461185,-0.41,0.426388888888889,1.91,0.709879335730324,"c","c"
"588",2021,2,4,15.3076923076923,9.44253877204317,-0.8,-0.286159591194969,0.311414576583196,-0.39,0.306124727668845,1.46,0.528180155010842,"c","c"
"589",2021,2,5,10.26,7.03580130475556,-0.62,-0.0443651729559748,0.520250997731403,-0.42,2.31641612200436,5.89,2.13069624652089,"w","w"
"590",2021,2,6,10.26,7.03580130475556,-0.63,-0.0842560927672956,0.453347014265794,-0.3,1.60034177559913,5.29,1.83134041449439,"w","w"
"591",2021,2,7,-3.48076923076923,7.64000100684649,-0.62,-0.0443651729559748,0.520250997731403,-0.42,2.31641612200436,5.89,2.13069624652089,"w","w"
"592",2021,2,8,5.13461538461539,7.63093400876681,-0.63,-0.0842560927672956,0.453347014265794,-0.3,1.60034177559913,5.29,1.83134041449439,"w","w"
"593",2021,3,1,19.6666666666667,6.73114650957274,-0.9,-0.241087853773585,0.410528066173723,-0.43,1.56513480392157,4.72,1.4847403788029,"c","c"
"594",2021,3,2,19.6666666666667,6.73114650957274,-0.54,-0.151099646226415,0.29703527615167,-0.67,0.8551075708061,3.58,1.12656712856716,"c","c"
"595",2021,3,3,23.425,8.03327782611674,-0.9,-0.241087853773585,0.410528066173723,-0.43,1.56513480392157,4.72,1.4847403788029,"c","c"
"596",2021,3,4,13.15,6.03956254951248,-0.54,-0.151099646226415,0.29703527615167,-0.67,0.8551075708061,3.58,1.12656712856716,"c","c"
"597",2021,3,5,5.51923076923077,7.62165437320634,-0.32,0.0190585691823899,0.375475872487072,-0.36,2.31280501089325,5.83,2.03385841811304,"w","w"
"598",2021,3,6,25.2115384615385,11.7082646681078,-0.56,-0.0133608490566038,0.631144731137386,-0.6,2.99053513071895,8.73,2.96625554517345,"w","w"
"599",2021,3,7,-1.62,5.30777731258575,-0.32,0.0190585691823899,0.375475872487072,-0.36,2.31280501089325,5.83,2.03385841811304,"w","w"
"600",2021,3,8,9.6,6.28987281270456,-0.56,-0.0133608490566038,0.631144731137386,-0.6,2.99053513071895,8.73,2.96625554517345,"w","w"
"601",2021,4,1,25.1428571428571,7.99709768782222,-1,-0.230795007861635,0.350747754183833,-0.38,0.416617647058824,2.18,0.678590272987772,"c","c"
"602",2021,4,2,31.15625,6.33960763770125,-0.77,-0.232306407232704,0.261159081236438,-0.6,0.296156045751634,1.59,0.502925228300397,"c","c"
"603",2021,4,3,30.1666666666667,3.767886635366,-1,-0.230795007861635,0.350747754183833,-0.38,0.416617647058824,2.18,0.678590272987772,"c","c"
"604",2021,4,4,26.8809523809524,8.34251874721412,-0.77,-0.232306407232704,0.261159081236438,-0.6,0.296156045751634,1.59,0.502925228300397,"c","c"
"605",2021,4,5,7.98076923076923,5.51086339738297,-0.87,-0.166184158805031,0.385901685852273,-0.48,2.16033088235294,5.86,2.06617299760871,"w","w"
"606",2021,4,6,-12,5.14392845984467,-0.76,-0.0820823506289308,0.446303669714915,-0.35,3.14819989106754,6.89,2.2544470255006,"w","w"
"607",2021,4,7,-12,5.14392845984467,-0.87,-0.166184158805031,0.385901685852273,-0.48,2.16033088235294,5.86,2.06617299760871,"w","w"
"608",2021,4,8,13.4615384615385,6.24647592955112,-0.76,-0.0820823506289308,0.446303669714915,-0.35,3.14819989106754,6.89,2.2544470255006,"w","w"
"609",2021,5,1,22.4230769230769,11.9387539615257,-0.55,-0.174111635220126,0.286772289221938,-0.36,1.14328295206972,3.47,1.06984196689568,"c","c"
"610",2021,5,2,16.5384615384615,12.9691349572152,-1.01,-0.334142099056604,0.357301283824424,-0.66,0.394731753812636,1.84,0.680590049249581,"c","c"
"611",2021,5,3,17.6346153846154,9.60474642279294,-0.55,-0.174111635220126,0.286772289221938,-0.36,1.14328295206972,3.47,1.06984196689568,"c","c"
"612",2021,5,4,3.46153846153846,9.27676999490995,-1.01,-0.334142099056604,0.357301283824424,-0.66,0.394731753812636,1.84,0.680590049249581,"c","c"
"613",2021,5,5,15,7.91075217662644,-1.05,-0.493731328616352,0.473458001059043,-0.8,1.32891339869281,4.68,1.67789507151757,"w","w"
"614",2021,5,6,7.05769230769231,8.45615388114115,-1.19,-0.536183176100629,0.530006736275373,-1.09,1.76688044662309,5.9,2.08571386978007,"w","w"
"615",2021,5,7,7.05769230769231,8.45615388114115,-1.05,-0.493731328616352,0.473458001059043,-0.8,1.32891339869281,4.68,1.67789507151757,"w","w"
"616",2021,5,8,0.403846153846154,7.51800403134932,-1.19,-0.536183176100629,0.530006736275373,-1.09,1.76688044662309,5.9,2.08571386978007,"w","w"
"617",2021,6,1,11.1666666666667,5.36267967841949,-0.74,-0.348482704402516,0.32818167392669,-0.89,1.09796296296296,4.1,1.28583434972474,"c","c"
"618",2021,6,2,6.80769230769231,7.92852687840172,-0.85,-0.28420695754717,0.411687746960349,-1.14,0.900698529411765,3.98,1.20388078936295,"c","c"
"619",2021,6,3,14.6923076923077,8.74537240267894,-0.74,-0.348482704402516,0.32818167392669,-0.89,1.09796296296296,4.1,1.28583434972474,"c","c"
"620",2021,6,4,22.3409090909091,4.73685238980175,-0.85,-0.28420695754717,0.411687746960349,-1.14,0.900698529411765,3.98,1.20388078936295,"c","c"
"621",2021,6,5,5.73076923076923,6.15829646774296,-0.87,-0.20361340408805,0.577786306291312,-0.46,1.80916666666667,6.22,2.16871146627235,"w","w"
"622",2021,6,6,2.78846153846154,7.99271302740575,-1.25,-0.490979756289308,0.665231129169921,-0.63,2.27706154684096,7.49,2.54316991604347,"w","w"
"623",2021,6,7,10.0192307692308,10.5228140430502,-0.87,-0.20361340408805,0.577786306291312,-0.46,1.80916666666667,6.22,2.16871146627235,"w","w"
"624",2021,6,8,3,7.33621155638249,-1.25,-0.490979756289308,0.665231129169921,-0.63,2.27706154684096,7.49,2.54316991604347,"w","w"
"625",2022,1,1,15.5,2.79096285969744,-0.27,-0.160865762578616,0.0459043687403804,-0.5,0.967975217864924,2.53,0.959371367057354,"c","c"
"626",2022,1,2,23.7,5.27755924447536,-0.3,-0.164095911949686,0.0426044977957287,-0.51,0.923316993464052,3.21,1.11227758525283,"c","c"
"627",2022,1,3,7.775,2.02273264877518,-0.27,-0.160865762578616,0.0459043687403804,-0.5,0.967975217864924,2.53,0.959371367057354,"c","c"
"628",2022,1,4,27.4090909090909,2.64403273257142,-0.3,-0.164095911949686,0.0426044977957287,-0.51,0.923316993464052,3.21,1.11227758525283,"c","c"
"629",2022,1,5,4.42105263157895,3.22000326904051,-0.24,-0.0399017295597484,0.17341073416967,-0.69,3.32264773965142,6.8,2.64014845592566,"w","w"
"630",2022,1,6,2.175,3.41542553409489,-0.31,-0.0348191823899371,0.204030316987897,-0.99,3.06288058278867,5.99,2.3140613888874,"w","w"
"631",2022,1,7,2.175,3.41542553409489,-0.24,-0.0399017295597484,0.17341073416967,-0.69,3.32264773965142,6.8,2.64014845592566,"w","w"
"632",2022,1,8,19.2,2.862645077914,-0.31,-0.0348191823899371,0.204030316987897,-0.99,3.06288058278867,5.99,2.3140613888874,"w","w"
"633",2022,2,1,23.975,3.21785724716898,-0.31,-0.110390133647799,0.026620180719981,-1.18,1.3406712962963,3.14,1.24413092794757,"c","c"
"634",2022,2,2,8.78947368421053,3.73540043024426,-0.37,-0.138291077044025,0.0401894553014174,-1.88,0.972262391067538,2.58,0.912353246414816,"c","c"
"635",2022,2,3,8.78947368421053,3.73540043024426,-0.31,-0.110390133647799,0.026620180719981,-1.18,1.3406712962963,3.14,1.24413092794757,"c","c"
"636",2022,2,4,8.78947368421053,3.73540043024426,-0.37,-0.138291077044025,0.0401894553014174,-1.88,0.972262391067538,2.58,0.912353246414816,"c","c"
"637",2022,2,5,6.28947368421053,3.30956437832368,-0.28,-0.0741057389937107,0.164948197429876,-1.58,3.27534994553377,6.27,2.36007938968258,"w","w"
"638",2022,2,6,6.28947368421053,3.30956437832368,-0.25,-0.0945538522012579,0.141186886963752,-3.1,2.90430078976035,5.76,2.27929047116035,"w","w"
"639",2022,2,7,-7.47368421052632,3.687342027541,-0.28,-0.0741057389937107,0.164948197429876,-1.58,3.27534994553377,6.27,2.36007938968258,"w","w"
"640",2022,2,8,0.315789473684211,3.70514104663218,-0.25,-0.0945538522012579,0.141186886963752,-3.1,2.90430078976035,5.76,2.27929047116035,"w","w"
"641",2022,3,1,17.905,3.99163269589618,-0.51,-0.151305031446541,0.0916295657264761,-0.14,1.98339052287582,4.84,1.61027667539013,"c","c"
"642",2022,3,2,17.905,3.99163269589618,-0.45,-0.151193003144654,0.079073204624665,-0.27,1.4068239379085,3.65,1.36105812732047,"c","c"
"643",2022,3,3,27.425,6.74785540980088,-0.51,-0.151305031446541,0.0916295657264761,-0.14,1.98339052287582,4.84,1.61027667539013,"c","c"
"644",2022,3,4,14.175,3.29383395229073,-0.45,-0.151193003144654,0.079073204624665,-0.27,1.4068239379085,3.65,1.36105812732047,"c","c"
"645",2022,3,5,0.04,1.76676927871483,-0.39,-0.123169221698113,0.114490342757762,-0.36,2.60046296296296,5.47,2.09838612298612,"w","w"
"646",2022,3,6,21.875,4.46587941478142,-0.46,-0.123056210691824,0.142294138330405,-0.3,3.59115672657952,8.03,3.03883326071548,"w","w"
"647",2022,3,7,-6.875,3.92989553898935,-0.39,-0.123169221698113,0.114490342757762,-0.36,2.60046296296296,5.47,2.09838612298612,"w","w"
"648",2022,3,8,3.45,2.30502882731146,-0.46,-0.123056210691824,0.142294138330405,-0.3,3.59115672657952,8.03,3.03883326071548,"w","w"
"649",2022,4,1,28.9,8.02889518518811,-0.4,-0.172649371069182,0.0786252724004608,-0.73,0.819831154684096,2.61,0.941185669462842,"c","c"
"650",2022,4,2,35.9,7.35187051028512,-0.46,-0.175742924528302,0.087679662369195,-0.57,0.515910266884532,2.19,0.68011770343541,"c","c"
"651",2022,4,3,33.0263157894737,3.80596638410786,-0.4,-0.172649371069182,0.0786252724004608,-0.73,0.819831154684096,2.61,0.941185669462842,"c","c"
"652",2022,4,4,34.7,7.71430659980464,-0.46,-0.175742924528302,0.087679662369195,-0.57,0.515910266884532,2.19,0.68011770343541,"c","c"
"653",2022,4,5,3.925,3.08764515959638,-0.81,-0.153230149371069,0.137164950283437,-0.58,2.4632938453159,5.44,1.98854912109295,"w","w"
"654",2022,4,6,-16.625,2.52292123914865,-0.68,-0.119076257861635,0.177389178284284,-0.43,2.87704724945534,7.05,2.15551926078476,"w","w"
"655",2022,4,7,-16.625,2.52292123914865,-0.81,-0.153230149371069,0.137164950283437,-0.58,2.4632938453159,5.44,1.98854912109295,"w","w"
"656",2022,4,8,7.05,2.44895251506693,-0.68,-0.119076257861635,0.177389178284284,-0.43,2.87704724945534,7.05,2.15551926078476,"w","w"
"657",2022,5,1,15.425,4.00747656525308,-0.4,-0.246485849056604,0.0556356468924064,-0.22,1.42789079520697,3.44,1.38703676836472,"c","c"
"658",2022,5,2,10.975,4.7029526000051,-0.45,-0.262574685534591,0.0555148723805554,-0.53,0.789022331154684,3,1.01284938097189,"c","c"
"659",2022,5,3,13.325,2.7543028538137,-0.4,-0.246485849056604,0.0556356468924064,-0.22,1.42789079520697,3.44,1.38703676836472,"c","c"
"660",2022,5,4,-0.475,3.79568661010169,-0.45,-0.262574685534591,0.0555148723805554,-0.53,0.789022331154684,3,1.01284938097189,"c","c"
"661",2022,5,5,9,2,-0.41,-0.227737814465409,0.0778321286142076,-0.61,2.25954793028322,5.15,1.96998311701417,"w","w"
"662",2022,5,6,4.2,3.26222397501427,-0.44,-0.220439268867925,0.0992654775524998,-0.83,2.60259463507625,6.47,2.30022546775568,"w","w"
"663",2022,5,7,4.2,3.26222397501427,-0.41,-0.227737814465409,0.0778321286142076,-0.61,2.25954793028322,5.15,1.96998311701417,"w","w"
"664",2022,5,8,10.85,1.7925283525615,-0.44,-0.220439268867925,0.0992654775524998,-0.83,2.60259463507625,6.47,2.30022546775568,"w","w"
"665",2022,6,1,11.625,3.77970689479043,-0.36,-0.215109080188679,0.050525765359942,-0.36,1.82415645424837,4.21,1.66226041128798,"c","c"
"666",2022,6,2,3.025,2.43588846862473,-0.37,-0.215010809748428,0.0529914914230213,-2.48,1.83202614379085,4.89,1.90743637715468,"c","c"
"667",2022,6,3,14.175,4.49641670198556,-0.36,-0.215109080188679,0.050525765359942,-0.36,1.82415645424837,4.21,1.66226041128798,"c","c"
"668",2022,6,4,18.075,3.58092534350962,-0.37,-0.215010809748428,0.0529914914230213,-2.48,1.83202614379085,4.89,1.90743637715468,"c","c"
"669",2022,6,5,4.15,2.68573228277445,-0.39,-0.137425314465409,0.127572898941636,-0.37,2.98678308823529,6.39,2.64684685128631,"w","w"
"670",2022,6,6,0.725,3.33433099105274,-0.52,-0.186987028301887,0.155533044684937,-0.33,3.65571486928105,8.12,3.0514285573153,"w","w"
"671",2022,6,7,5.725,3.02826596203869,-0.39,-0.137425314465409,0.127572898941636,-0.37,2.98678308823529,6.39,2.64684685128631,"w","w"
"672",2022,6,8,-0.925,4.85385088574553,-0.52,-0.186987028301887,0.155533044684937,-0.33,3.65571486928105,8.12,3.0514285573153,"w","w"
